43	host	49.0	c108000000000100
52	49.0	host	00
57	host	49.0	<none>
82	host	49.0	c010000000001300
95	49.0	host	00000000000000000000000000000000000000
100	host	49.0	<none>
123	host	49.0	c108000000000100
132	49.0	host	00
135	host	49.0	<none>
150	host	49.0	c010000000001300
161	49.0	host	00000000000000000000000000000000000000
166	host	49.0	<none>
209	host	49.0	c108000000000100
218	49.0	host	00
221	host	49.0	<none>
233	host	49.0	c010000000001300
246	49.0	host	00000000000000000000000000000000000000
251	host	49.0	<none>
304	host	49.0	c108000000000100
311	49.0	host	00
316	host	49.0	<none>
327	host	49.0	c010000000001300
336	49.0	host	00000000000000000000000000000000000000
341	host	49.0	<none>
360	host	49.0	c108000000000100
367	49.0	host	00
372	host	49.0	<none>
385	host	49.0	c010000000001300
396	49.0	host	00000000000000000000000000000000000000
401	host	49.0	<none>
444	host	49.0	c108000000000100
451	49.0	host	00
456	host	49.0	<none>
465	host	49.0	c010000000001300
479	49.0	host	00000000000000000000000000000000000000
484	host	49.0	<none>
553	host	49.0	c108000000000100
560	49.0	host	00
565	host	49.0	<none>
578	host	49.0	c010000000001300
588	49.0	host	00000000000000000000000000000000000000
593	host	49.0	<none>
654	host	49.0	c108000000000100
661	49.0	host	00
666	host	49.0	<none>
675	host	49.0	c010000000001300
686	49.0	host	00000000000000000000000000000000000000
691	host	49.0	<none>
716	host	49.0	c108000000000100
723	49.0	host	00
728	host	49.0	<none>
747	host	49.0	c010000000001300
758	49.0	host	00000000000000000000000000000000000000
761	host	49.0	<none>
778	host	49.0	c108000000000100
785	49.0	host	00
790	host	49.0	<none>
801	host	49.0	c010000000001300
814	49.0	host	00000000000000000000000000000000000000
819	host	49.0	<none>
856	host	49.0	c108000000000100
865	49.0	host	00
870	host	49.0	<none>
881	host	49.0	c010000000001300
895	49.0	host	00000000000000000000000000000000000000
900	host	49.0	<none>
977	host	49.0	c108000000000100
984	49.0	host	00
989	host	49.0	<none>
1008	host	49.0	c010000000001300
1021	49.0	host	00000000000000000000000000000000000000
1024	host	49.0	<none>
1087	host	49.0	c108000000000100
1094	49.0	host	00
1099	host	49.0	<none>
1107	host	49.0	c010000000001300
1120	49.0	host	00000000000000000000000000000000000000
1125	host	49.0	<none>
1188	host	49.0	c108000000000100
1197	49.0	host	00
1200	host	49.0	<none>
1211	host	49.0	c010000000001300
1224	49.0	host	00000000000000000000000000000000000000
1230	host	49.0	<none>
1299	host	49.0	c108000000000100
1308	49.0	host	00
1311	host	49.0	<none>
1324	host	49.0	c010000000001300
1336	49.0	host	00000000000000000000000000000000000000
1341	host	49.0	<none>
1408	host	49.0	c108000000000100
1417	49.0	host	00
1420	host	49.0	<none>
1431	host	49.0	c010000000001300
1442	49.0	host	00000000000000000000000000000000000000
1448	host	49.0	<none>
1529	host	49.0	c108000000000100
1536	49.0	host	00
1541	host	49.0	<none>
1553	host	49.0	c010000000001300
1564	49.0	host	00000000000000000000000000000000000000
1569	host	49.0	<none>
1620	host	49.0	c108000000000100
1627	49.0	host	00
1632	host	49.0	<none>
1641	host	49.0	c010000000001300
1652	49.0	host	00000000000000000000000000000000000000
1657	host	49.0	<none>
1682	host	49.0	c108000000000100
1689	49.0	host	00
1694	host	49.0	<none>
1703	host	49.0	c010000000001300
1716	49.0	host	00000000000000000000000000000000000000
1721	host	49.0	<none>
1774	host	49.0	c108000000000100
1784	49.0	host	00
1789	host	49.0	<none>
1800	host	49.0	c010000000001300
1813	49.0	host	00000000000000000000000000000000000000
1816	host	49.0	<none>
1851	host	49.0	c108000000000100
1860	49.0	host	00
1865	host	49.0	<none>
1874	host	49.0	c010000000001300
1887	49.0	host	00000000000000000000000000000000000000
1892	host	49.0	<none>
1925	host	49.0	c108000000000100
1932	49.0	host	00
1937	host	49.0	<none>
1946	host	49.0	c010000000001300
1957	49.0	host	00000000000000000000000000000000000000
1962	host	49.0	<none>
1993	host	49.0	c108000000000100
2000	49.0	host	00
2005	host	49.0	<none>
2016	host	49.0	c010000000001300
2027	49.0	host	00000000000000000000000000000000000000
2032	host	49.0	<none>
2061	host	49.0	c108000000000100
2068	49.0	host	00
2073	host	49.0	<none>
2088	host	49.0	c010000000001300
2097	49.0	host	00000000000000000000000000000000000000
2102	host	49.0	<none>
2139	host	49.0	c108000000000100
2146	49.0	host	00
2151	host	49.0	<none>
2163	host	49.0	c010000000001300
2172	49.0	host	00000000000000000000000000000000000000
2177	host	49.0	<none>
2246	host	49.0	c108000000000100
2253	49.0	host	00
2258	host	49.0	<none>
2268	host	49.0	c010000000001300
2281	49.0	host	00000000000000000000000000000000000000
2286	host	49.0	<none>
2357	host	49.0	c108000000000100
2366	49.0	host	00
2369	host	49.0	<none>
2379	host	49.0	c010000000001300
2392	49.0	host	00000000000000000000000000000000000000
2397	host	49.0	<none>
2444	host	49.0	c108000000000100
2453	49.0	host	00
2456	host	49.0	<none>
2469	host	49.0	c010000000001300
2480	49.0	host	00000000000000000000000000000000000000
2485	host	49.0	<none>
2528	host	49.0	c108000000000100
2535	49.0	host	00
2540	host	49.0	<none>
2560	host	49.0	c010000000001300
2573	49.0	host	00000000000000000000000000000000000000
2576	host	49.0	<none>
2641	host	49.0	c108000000000100
2648	49.0	host	00
2651	host	49.0	<none>
2661	host	49.0	c010000000001300
2674	49.0	host	00000000000000000000000000000000000000
2679	host	49.0	<none>
2750	host	49.0	c108000000000100
2757	49.0	host	00
2762	host	49.0	<none>
2776	host	49.0	c010000000001300
2787	49.0	host	00000000000000000000000000000000000000
2792	host	49.0	<none>
2823	host	49.0	c108000000000100
2832	49.0	host	00
2835	host	49.0	<none>
2854	host	49.0	c010000000001300
2865	49.0	host	00000000000000000000000000000000000000
2870	host	49.0	<none>
2901	host	49.0	c108000000000100
2908	49.0	host	00
2913	host	49.0	<none>
2922	host	49.0	c010000000001300
2933	49.0	host	00000000000000000000000000000000000000
2938	host	49.0	<none>
2975	host	49.0	c108000000000100
2984	49.0	host	00
2987	host	49.0	<none>
3009	host	49.0	c010000000001300
3020	49.0	host	00000000000000000000000000000000000000
3025	host	49.0	<none>
3090	host	49.0	c108000000000100
3101	49.0	host	00
3104	host	49.0	<none>
3114	host	49.0	c010000000001300
3127	49.0	host	00000000000000000000000000000000000000
3132	host	49.0	<none>
3197	host	49.0	c108000000000100
3204	49.0	host	00
3209	host	49.0	<none>
3223	host	49.0	c010000000001300
3232	49.0	host	00000000000000000000000000000000000000
3237	host	49.0	<none>
3314	host	49.0	c108000000000100
3321	49.0	host	00
3326	host	49.0	<none>
3340	host	49.0	c010000000001300
3351	49.0	host	00000000000000000000000000000000000000
3356	host	49.0	<none>
3409	host	49.0	c108000000000100
3416	49.0	host	00
3421	host	49.0	<none>
3430	host	49.0	c010000000001300
3443	49.0	host	00000000000000000000000000000000000000
3449	host	49.0	<none>
3534	host	49.0	c108000000000100
3544	49.0	host	00
3547	host	49.0	<none>
3562	host	49.0	c010000000001300
3575	49.0	host	00000000000000000000000000000000000000
3580	host	49.0	<none>
3645	host	49.0	c108000000000100
3655	49.0	host	00
3660	host	49.0	<none>
3673	host	49.0	c010000000001300
3680	49.0	host	00000000000000000000000000000000000000
3685	host	49.0	<none>
3750	host	49.0	c108000000000100
3755	49.0	host	00
3760	host	49.0	<none>
3770	host	49.0	c010000000001300
3781	49.0	host	00000000000000000000000000000000000000
3786	host	49.0	<none>
3825	host	49.0	c108000000000100
3834	49.0	host	00
3839	host	49.0	<none>
3858	host	49.0	c010000000001300
3869	49.0	host	00000000000000000000000000000000000000
3874	host	49.0	<none>
3891	host	49.0	c108000000000100
3900	49.0	host	00
3905	host	49.0	<none>
3920	host	49.0	c010000000001300
3931	49.0	host	00000000000000000000000000000000000000
3936	host	49.0	<none>
3965	host	49.0	c108000000000100
3972	49.0	host	00
3977	host	49.0	<none>
3986	host	49.0	c010000000001300
3999	49.0	host	00000000000000000000000000000000000000
4004	host	49.0	<none>
4037	host	49.0	c108000000000100
4046	49.0	host	00
4051	host	49.0	<none>
4064	host	49.0	c010000000001300
4075	49.0	host	00000000000000000000000000000000000000
4080	host	49.0	<none>
4093	host	49.0	c108000000000100
4100	49.0	host	00
4105	host	49.0	<none>
4116	host	49.0	c010000000001300
4127	49.0	host	00000000000000000000000000000000000000
4132	host	49.0	<none>
4179	host	49.0	c108000000000100
4186	49.0	host	00
4191	host	49.0	<none>
4200	host	49.0	c010000000001300
4211	49.0	host	00000000000000000000000000000000000000
4217	host	49.0	<none>
4296	host	49.0	c108000000000100
4303	49.0	host	00
4308	host	49.0	<none>
4316	host	49.0	c010000000001300
4327	49.0	host	00000000000000000000000000000000000000
4332	host	49.0	<none>
4395	host	49.0	c108000000000100
4402	49.0	host	00
4407	host	49.0	<none>
4420	host	49.0	c010000000001300
4428	49.0	host	00000000000000000000000000000000000000
4433	host	49.0	<none>
4512	host	49.0	c108000000000100
4519	49.0	host	00
4524	host	49.0	<none>
4536	host	49.0	c010000000001300
4547	49.0	host	00000000000000000000000000000000000000
4552	host	49.0	<none>
4621	host	49.0	c108000000000100
4628	49.0	host	00
4633	host	49.0	<none>
4645	host	49.0	c010000000001300
4658	49.0	host	00000000000000000000000000000000000000
4663	host	49.0	<none>
4706	host	49.0	c108000000000100
4713	49.0	host	00
4718	host	49.0	<none>
4729	host	49.0	c010000000001300
4738	49.0	host	00000000000000000000000000000000000000
4743	host	49.0	<none>
4774	host	49.0	c108000000000100
4781	49.0	host	00
4786	host	49.0	<none>
4793	host	49.0	c010000000001300
4806	49.0	host	00000000000000000000000000000000000000
4811	host	49.0	<none>
4860	host	49.0	c108000000000100
4867	49.0	host	00
4872	host	49.0	<none>
4888	host	49.0	c010000000001300
4899	49.0	host	00000000000000000000000000000000000000
4904	host	49.0	<none>
4965	host	49.0	c108000000000100
4972	49.0	host	00
4977	host	49.0	<none>
4993	host	49.0	c010000000001300
5006	49.0	host	00000000000000000000000000000000000000
5011	host	49.0	<none>
5068	host	49.0	c108000000000100
5075	49.0	host	00
5080	host	49.0	<none>
5092	host	49.0	c010000000001300
5103	49.0	host	00000000000000000000000000000000000000
5108	host	49.0	<none>
5187	host	49.0	c108000000000100
5193	49.0	host	00
5196	host	49.0	<none>
5209	host	49.0	c010000000001300
5220	49.0	host	00000000000000000000000000000000000000
5225	host	49.0	<none>
5262	host	49.0	c108000000000100
5269	49.0	host	00
5274	host	49.0	<none>
5285	host	49.0	c010000000001300
5296	49.0	host	00000000000000000000000000000000000000
5301	host	49.0	<none>
5332	host	49.0	c108000000000100
5339	49.0	host	00
5344	host	49.0	<none>
5361	host	49.0	c010000000001300
5372	49.0	host	00000000000000000000000000000000000000
5377	host	49.0	<none>
5404	host	49.0	c108000000000100
5411	49.0	host	00
5414	host	49.0	<none>
5431	host	49.0	c010000000001300
5440	49.0	host	00000000000000000000000000000000000000
5446	host	49.0	<none>
5503	host	49.0	c108000000000100
5510	49.0	host	00
5515	host	49.0	<none>
5526	host	49.0	c010000000001300
5537	49.0	host	00000000000000000000000000000000000000
5542	host	49.0	<none>
5565	host	49.0	c108000000000100
5574	49.0	host	00
5579	host	49.0	<none>
5598	host	49.0	c010000000001300
5611	49.0	host	00000000000000000000000000000000000000
5616	host	49.0	<none>
5647	host	49.0	c108000000000100
5656	49.0	host	00
5659	host	49.0	<none>
5679	host	49.0	c010000000001300
5688	49.0	host	00000000000000000000000000000000000000
5693	host	49.0	<none>
5762	host	49.0	c108000000000100
5769	49.0	host	00
5774	host	49.0	<none>
5785	host	49.0	c010000000001300
5791	49.0	host	00000000000000000000000000000000000000
5796	host	49.0	<none>
5845	host	49.0	c108000000000100
5852	49.0	host	00
5857	host	49.0	<none>
5870	host	49.0	c010000000001300
5883	49.0	host	00000000000000000000000000000000000000
5886	host	49.0	<none>
5923	host	49.0	c108000000000100
5930	49.0	host	00
5935	host	49.0	<none>
5944	host	49.0	c010000000001300
5957	49.0	host	00000000000000000000000000000000000000
5962	host	49.0	<none>
5975	host	49.0	c108000000000100
5984	49.0	host	00
5987	host	49.0	<none>
5998	host	49.0	c010000000001300
6011	49.0	host	00000000000000000000000000000000000000
6016	host	49.0	<none>
6067	host	49.0	c108000000000100
6074	49.0	host	00
6079	host	49.0	<none>
6089	host	49.0	c010000000001300
6102	49.0	host	00000000000000000000000000000000000000
6107	host	49.0	<none>
6158	host	49.0	c108000000000100
6167	49.0	host	00
6170	host	49.0	<none>
6185	host	49.0	c010000000001300
6196	49.0	host	00000000000000000000000000000000000000
6201	host	49.0	<none>
6226	host	49.0	c108000000000100
6233	49.0	host	00
6238	host	49.0	<none>
6247	host	49.0	c010000000001300
6258	49.0	host	00000000000000000000000000000000000000
6263	host	49.0	<none>
6292	host	49.0	c108000000000100
6301	49.0	host	00
6304	host	49.0	<none>
6315	host	49.0	c010000000001300
6326	49.0	host	00000000000000000000000000000000000000
6331	host	49.0	<none>
6374	host	49.0	c108000000000100
6381	49.0	host	00
6386	host	49.0	<none>
6398	host	49.0	c010000000001300
6411	49.0	host	00000000000000000000000000000000000000
6416	host	49.0	<none>
6473	host	49.0	c108000000000100
6480	49.0	host	00
6485	host	49.0	<none>
6498	host	49.0	c010000000001300
6507	49.0	host	00000000000000000000000000000000000000
6510	host	49.0	<none>
6551	host	49.0	c108000000000100
6558	49.0	host	00
6563	host	49.0	<none>
6579	host	49.0	c010000000001300
6590	49.0	host	00000000000000000000000000000000000000
6595	host	49.0	<none>
6636	host	49.0	c108000000000100
6643	49.0	host	00
6648	host	49.0	<none>
6661	host	49.0	c010000000001300
6674	49.0	host	00000000000000000000000000000000000000
6679	host	49.0	<none>
6712	host	49.0	c108000000000100
6719	49.0	host	00
6724	host	49.0	<none>
6733	host	49.0	c010000000001300
6746	49.0	host	00000000000000000000000000000000000000
6751	host	49.0	<none>
6766	host	49.0	c108000000000100
6773	49.0	host	00
6778	host	49.0	<none>
6787	host	49.0	c010000000001300
6798	49.0	host	00000000000000000000000000000000000000
6803	host	49.0	<none>
6830	host	49.0	c108000000000100
6837	49.0	host	00
6842	host	49.0	<none>
6855	host	49.0	c010000000001300
6868	49.0	host	00000000000000000000000000000000000000
6873	host	49.0	<none>
6894	host	49.0	c108000000000100
6901	49.0	host	00
6906	host	49.0	<none>
6917	host	49.0	c010000000001300
6930	49.0	host	00000000000000000000000000000000000000
6933	host	49.0	<none>
6996	host	49.0	c108000000000100
7006	49.0	host	00
7011	host	49.0	<none>
7026	host	49.0	c010000000001300
7039	49.0	host	00000000000000000000000000000000000000
7042	host	49.0	<none>
7105	host	49.0	c108000000000100
7113	49.0	host	00
7118	host	49.0	<none>
7127	host	49.0	c010000000001300
7138	49.0	host	00000000000000000000000000000000000000
7143	host	49.0	<none>
7202	host	49.0	c108000000000100
7209	49.0	host	00
7214	host	49.0	<none>
7226	host	49.0	c010000000001300
7237	49.0	host	00000000000000000000000000000000000000
7242	host	49.0	<none>
7309	host	49.0	c108000000000100
7316	49.0	host	00
7321	host	49.0	<none>
7333	host	49.0	c010000000001300
7342	49.0	host	00000000000000000000000000000000000000
7347	host	49.0	<none>
7416	host	49.0	c108000000000100
7423	49.0	host	00
7428	host	49.0	<none>
7454	host	49.0	c010000000001300
7467	49.0	host	00000000000000000000000000000000000000
7472	host	49.0	<none>
7519	host	49.0	c108000000000100
7526	49.0	host	00
7531	host	49.0	<none>
7553	host	49.0	c010000000001300
7566	49.0	host	00000000000000000000000000000000000000
7571	host	49.0	<none>
7610	host	49.0	c108000000000100
7621	49.0	host	00
7624	host	49.0	<none>
7633	host	49.0	c010000000001300
7646	49.0	host	00000000000000000000000000000000000000
7651	host	49.0	<none>
7698	host	49.0	c108000000000100
7705	49.0	host	00
7710	host	49.0	<none>
7721	host	49.0	c010000000001300
7732	49.0	host	00000000000000000000000000000000000000
7737	host	49.0	<none>
7768	host	49.0	c108000000000100
7775	49.0	host	00
7780	host	49.0	<none>
7793	host	49.0	c010000000001300
7805	49.0	host	00000000000000000000000000000000000000
7810	host	49.0	<none>
7891	host	49.0	c108000000000100
7898	49.0	host	00
7904	host	49.0	<none>
7913	host	49.0	c010000000001300
7922	49.0	host	00000000000000000000000000000000000000
7925	host	49.0	<none>
7992	host	49.0	c108000000000100
8001	49.0	host	00
8004	host	49.0	<none>
8014	host	49.0	c010000000001300
8027	49.0	host	00000000000000000000000000000000000000
8032	host	49.0	<none>
8105	host	49.0	c108000000000100
8114	49.0	host	00
8117	host	49.0	<none>
8129	host	49.0	c010000000001300
8138	49.0	host	00000000000000000000000000000000000000
8143	host	49.0	<none>
8218	host	49.0	c108000000000100
8228	49.0	host	00
8233	host	49.0	<none>
8242	host	49.0	c010000000001300
8251	49.0	host	00000000000000000000000000000000000000
8256	host	49.0	<none>
8315	host	49.0	c108000000000100
8322	49.0	host	00
8327	host	49.0	<none>
8338	host	49.0	c010000000001300
8348	49.0	host	00000000000000000000000000000000000000
8351	host	49.0	<none>
8434	host	49.0	c108000000000100
8441	49.0	host	00
8447	host	49.0	<none>
8464	host	49.0	c010000000001300
8477	49.0	host	00000000000000000000000000000000000000
8482	host	49.0	<none>
8539	host	49.0	c108000000000100
8546	49.0	host	00
8551	host	49.0	<none>
8575	host	49.0	c010000000001300
8588	49.0	host	00000000000000000000000000000000000000
8593	host	49.0	<none>
8628	host	49.0	c108000000000100
8637	49.0	host	00
8640	host	49.0	<none>
8653	host	49.0	c010000000001300
8664	49.0	host	00000000000000000000000000000000000000
8669	host	49.0	<none>
8720	host	49.0	c108000000000100
8730	49.0	host	00
8735	host	49.0	<none>
8744	host	49.0	c010000000001300
8757	49.0	host	00000000000000000000000000000000000000
8762	host	49.0	<none>
8795	host	49.0	c108000000000100
8802	49.0	host	00
8807	host	49.0	<none>
8855	host	49.0	c010000000001300
8868	49.0	host	00000000000000000000000000000000000000
8873	host	49.0	<none>
8904	host	49.0	c108000000000100
8911	49.0	host	00
8916	host	49.0	<none>
8929	host	49.0	c010000000001300
8942	49.0	host	00000000000000000000000000000000000000
8947	host	49.0	<none>
9006	host	49.0	c108000000000100
9013	49.0	host	00
9018	host	49.0	<none>
9026	host	49.0	c010000000001300
9035	49.0	host	00000000000000000000000000000000000000
9040	host	49.0	<none>
9105	host	49.0	c108000000000100
9112	49.0	host	00
9117	host	49.0	<none>
9128	host	49.0	c010000000001300
9134	49.0	host	00000000000000000000000000000000000000
9139	host	49.0	<none>
9212	host	49.0	c108000000000100
9219	49.0	host	00
9222	host	49.0	<none>
9233	host	49.0	c010000000001300
9241	49.0	host	00000000000000000000000000000000000000
9246	host	49.0	<none>
9327	host	49.0	c108000000000100
9333	49.0	host	00
9336	host	49.0	<none>
9349	host	49.0	c010000000001300
9360	49.0	host	00000000000000000000000000000000000000
9365	host	49.0	<none>
9416	host	49.0	c108000000000100
9423	49.0	host	00
9428	host	49.0	<none>
9454	host	49.0	c010000000001300
9467	49.0	host	00000000000000000000000000000000000000
9470	host	49.0	<none>
9535	host	49.0	c108000000000100
9542	49.0	host	00
9547	host	49.0	<none>
9563	host	49.0	c010000000001300
9576	49.0	host	00000000000000000000000000000000000000
9581	host	49.0	<none>
9642	host	49.0	c108000000000100
9651	49.0	host	00
9656	host	49.0	<none>
9674	host	49.0	c010000000001300
9687	49.0	host	00000000000000000000000000000000000000
9692	host	49.0	<none>
9739	host	49.0	c108000000000100
9746	49.0	host	00
9751	host	49.0	<none>
9779	host	49.0	c010000000001300
9788	49.0	host	00000000000000000000000000000000000000
9791	host	49.0	<none>
9864	host	49.0	c108000000000100
9871	49.0	host	00
9876	host	49.0	<none>
9886	host	49.0	c010000000001300
9899	49.0	host	00000000000000000000000000000000000000
9904	host	49.0	<none>
9951	host	49.0	c108000000000100
9960	49.0	host	00
9963	host	49.0	<none>
9974	host	49.0	c010000000001300
9983	49.0	host	00000000000000000000000000000000000000
9988	host	49.0	<none>
10019	host	49.0	c108000000000100
10026	49.0	host	00
10031	host	49.0	<none>
10046	host	49.0	c010000000001300
10057	49.0	host	00000000000000000000000000000000000000
10062	host	49.0	<none>
10069	host	49.0	c108000000000100
10080	49.0	host	00
10083	host	49.0	<none>
10096	host	49.0	c010000000001300
10107	49.0	host	00000000000000000000000000000000000000
10112	host	49.0	<none>
10163	host	49.0	c108000000000100
10168	49.0	host	00
10171	host	49.0	<none>
10182	host	49.0	c010000000001300
10194	49.0	host	00000000000000000000000000000000000000
10199	host	49.0	<none>
10258	host	49.0	c108000000000100
10265	49.0	host	00
10270	host	49.0	<none>
10279	host	49.0	c010000000001300
10290	49.0	host	00000000000000000000000000000000000000
10295	host	49.0	<none>
10318	host	49.0	c108000000000100
10325	49.0	host	00
10330	host	49.0	<none>
10339	host	49.0	c010000000001300
10352	49.0	host	00000000000000000000000000000000000000
10357	host	49.0	<none>
10408	host	49.0	c108000000000100
10415	49.0	host	00
10420	host	49.0	<none>
10428	host	49.0	c010000000001300
10439	49.0	host	00000000000000000000000000000000000000
10444	host	49.0	<none>
10483	host	49.0	c108000000000100
10490	49.0	host	00
10495	host	49.0	<none>
10512	host	49.0	c010000000001300
10525	49.0	host	00000000000000000000000000000000000000
10528	host	49.0	<none>
10579	host	49.0	c108000000000100
10586	49.0	host	00
10591	host	49.0	<none>
10599	host	49.0	c010000000001300
10610	49.0	host	00000000000000000000000000000000000000
10615	host	49.0	<none>
10660	host	49.0	c108000000000100
10667	49.0	host	00
10672	host	49.0	<none>
10718	host	49.0	c010000000001300
10727	49.0	host	00000000000000000000000000000000000000
10732	host	49.0	<none>
10779	host	49.0	c108000000000100
10786	49.0	host	00
10789	host	49.0	<none>
10800	host	49.0	c010000000001300
10809	49.0	host	00000000000000000000000000000000000000
10814	host	49.0	<none>
10851	host	49.0	c108000000000100
10858	49.0	host	00
10863	host	49.0	<none>
10874	host	49.0	c010000000001300
10882	49.0	host	00000000000000000000000000000000000000
10887	host	49.0	<none>
10952	host	49.0	c108000000000100
10961	49.0	host	00
10966	host	49.0	<none>
10979	host	49.0	c010000000001300
10991	49.0	host	00000000000000000000000000000000000000
10996	host	49.0	<none>
11061	host	49.0	c108000000000100
11068	49.0	host	00
11073	host	49.0	<none>
11084	host	49.0	c010000000001300
11095	49.0	host	00000000000000000000000000000000000000
11100	host	49.0	<none>
11117	host	49.0	c108000000000100
11126	49.0	host	00
11131	host	49.0	<none>
11142	host	49.0	c010000000001300
11155	49.0	host	00000000000000000000000000000000000000
11158	host	49.0	<none>
11193	host	49.0	c108000000000100
11202	49.0	host	00
11207	host	49.0	<none>
11227	host	49.0	c010000000001300
11240	49.0	host	00000000000000000000000000000000000000
11245	host	49.0	<none>
11320	host	49.0	c108000000000100
11327	49.0	host	00
11332	host	49.0	<none>
11360	host	49.0	c010000000001300
11369	49.0	host	00000000000000000000000000000000000000
11374	host	49.0	<none>
11407	host	49.0	c108000000000100
11414	49.0	host	00
11419	host	49.0	<none>
11432	host	49.0	c010000000001300
11445	49.0	host	00000000000000000000000000000000000000
11450	host	49.0	<none>
11497	host	49.0	c108000000000100
11507	49.0	host	00
11512	host	49.0	<none>
11523	host	49.0	c010000000001300
11532	49.0	host	00000000000000000000000000000000000000
11537	host	49.0	<none>
11596	host	49.0	c108000000000100
11603	49.0	host	00
11608	host	49.0	<none>
11617	host	49.0	c010000000001300
11625	49.0	host	00000000000000000000000000000000000000
11628	host	49.0	<none>
11709	host	49.0	c108000000000100
11716	49.0	host	00
11721	host	49.0	<none>
11739	host	49.0	c010000000001300
11750	49.0	host	00000000000000000000000000000000000000
11755	host	49.0	<none>
11794	host	49.0	c108000000000100
11801	49.0	host	00
11806	host	49.0	<none>
11813	host	49.0	c010000000001300
11826	49.0	host	00000000000000000000000000000000000000
11831	host	49.0	<none>
11870	host	49.0	c108000000000100
11877	49.0	host	00
11882	host	49.0	<none>
11895	host	49.0	c010000000001300
11906	49.0	host	00000000000000000000000000000000000000
11911	host	49.0	<none>
11918	host	49.0	c108000000000100
11923	49.0	host	00
11928	host	49.0	<none>
11937	host	49.0	c010000000001300
11948	49.0	host	00000000000000000000000000000000000000
11953	host	49.0	<none>
11982	host	49.0	c108000000000100
11991	49.0	host	00
11996	host	49.0	<none>
12011	host	49.0	c010000000001300
12020	49.0	host	00000000000000000000000000000000000000
12025	host	49.0	<none>
12066	host	49.0	c108000000000100
12075	49.0	host	00
12078	host	49.0	<none>
12087	host	49.0	c010000000001300
12096	49.0	host	00000000000000000000000000000000000000
12101	host	49.0	<none>
12138	host	49.0	c108000000000100
12147	49.0	host	00
12150	host	49.0	<none>
12161	host	49.0	c010000000001300
12169	49.0	host	00000000000000000000000000000000000000
12174	host	49.0	<none>
12247	host	49.0	c108000000000100
12256	49.0	host	00
12259	host	49.0	<none>
12270	host	49.0	c010000000001300
12278	49.0	host	00000000000000000000000000000000000000
12283	host	49.0	<none>
12360	host	49.0	c108000000000100
12369	49.0	host	00
12372	host	49.0	<none>
12382	host	49.0	c010000000001300
12395	49.0	host	00000000000000000000000000000000000000
12400	host	49.0	<none>
12465	host	49.0	c108000000000100
12472	49.0	host	00
12477	host	49.0	<none>
12486	host	49.0	c010000000001300
12492	49.0	host	00000000000000000000000000000000000000
12497	host	49.0	<none>
12566	host	49.0	c108000000000100
12575	49.0	host	00
12578	host	49.0	<none>
12594	host	49.0	c010000000001300
12603	49.0	host	00000000000000000000000000000000000000
12606	host	49.0	<none>
12685	host	49.0	c108000000000100
12692	49.0	host	00
12697	host	49.0	<none>
12709	host	49.0	c010000000001300
12722	49.0	host	00000000000000000000000000000000000000
12727	host	49.0	<none>
12794	host	49.0	c108000000000100
12801	49.0	host	00
12807	host	49.0	<none>
12818	host	49.0	c010000000001300
12827	49.0	host	00000000000000000000000000000000000000
12832	host	49.0	<none>
12867	host	49.0	c108000000000100
12876	49.0	host	00
12879	host	49.0	<none>
12890	host	49.0	c010000000001300
12901	49.0	host	00000000000000000000000000000000000000
12906	host	49.0	<none>
12937	host	49.0	c108000000000100
12944	49.0	host	00
12949	host	49.0	<none>
12960	host	49.0	c010000000001300
12969	49.0	host	00000000000000000000000000000000000000
12974	host	49.0	<none>
13029	host	49.0	c108000000000100
13038	49.0	host	00
13041	host	49.0	<none>
13049	host	49.0	c010000000001300
13062	49.0	host	00000000000000000000000000000000000000
13067	host	49.0	<none>
13124	host	49.0	c108000000000100
13131	49.0	host	00
13136	host	49.0	<none>
13147	host	49.0	c010000000001300
13158	49.0	host	00000000000000000000000000000000000000
13163	host	49.0	<none>
13206	host	49.0	c108000000000100
13213	49.0	host	00
13218	host	49.0	<none>
13230	host	49.0	c010000000001300
13239	49.0	host	00000000000000000000000000000000000000
13242	host	49.0	<none>
13299	host	49.0	c108000000000100
13306	49.0	host	00
13311	host	49.0	<none>
13322	host	49.0	c010000000001300
13333	49.0	host	00000000000000000000000000000000000000
13338	host	49.0	<none>
13363	host	49.0	c108000000000100
13372	49.0	host	00
13377	host	49.0	<none>
13388	host	49.0	c010000000001300
13397	49.0	host	00000000000000000000000000000000000000
13402	host	49.0	<none>
13423	host	49.0	c108000000000100
13430	49.0	host	00
13435	host	49.0	<none>
13444	host	49.0	c010000000001300
13455	49.0	host	00000000000000000000000000000000000000
13460	host	49.0	<none>
13495	host	49.0	c108000000000100
13502	49.0	host	00
13507	host	49.0	<none>
13537	host	49.0	c010000000001300
13550	49.0	host	00000000000000000000000000000000000000
13555	host	49.0	<none>
13604	host	49.0	c108000000000100
13609	49.0	host	00
13612	host	49.0	<none>
13621	host	49.0	c010000000001300
13634	49.0	host	00000000000000000000000000000000000000
13639	host	49.0	<none>
13676	host	49.0	c108000000000100
13681	49.0	host	00
13684	host	49.0	<none>
13697	host	49.0	c010000000001300
13705	49.0	host	00000000000000000000000000000000000000
13710	host	49.0	<none>
13775	host	49.0	c108000000000100
13782	49.0	host	00
13787	host	49.0	<none>
13802	host	49.0	c010000000001300
13810	49.0	host	00000000000000000000000000000000000000
13815	host	49.0	<none>
13864	host	49.0	c108000000000100
13871	49.0	host	00
13876	host	49.0	<none>
13887	host	49.0	c010000000001300
13898	49.0	host	00000000000000000000000000000000000000
13903	host	49.0	<none>
13954	host	49.0	c108000000000100
13959	49.0	host	00
13964	host	49.0	<none>
13973	host	49.0	c010000000001300
13985	49.0	host	00000000000000000000000000000000000000
13990	host	49.0	<none>
14073	host	49.0	c108000000000100
14083	49.0	host	00
14086	host	49.0	<none>
14095	host	49.0	c010000000001300
14108	49.0	host	00000000000000000000000000000000000000
14113	host	49.0	<none>
14158	host	49.0	c108000000000100
14165	49.0	host	00
14170	host	49.0	<none>
14181	host	49.0	c010000000001300
14192	49.0	host	00000000000000000000000000000000000000
14197	host	49.0	<none>
14220	host	49.0	c108000000000100
14229	49.0	host	00
14232	host	49.0	<none>
14245	host	49.0	c010000000001300
14258	49.0	host	00000000000000000000000000000000000000
14263	host	49.0	<none>
14296	host	49.0	c108000000000100
14305	49.0	host	00
14310	host	49.0	<none>
14327	host	49.0	c010000000001300
14337	49.0	host	00000000000000000000000000000000000000
14342	host	49.0	<none>
14399	host	49.0	c108000000000100
14406	49.0	host	00
14411	host	49.0	<none>
14420	host	49.0	c010000000001300
14431	49.0	host	00000000000000000000000000000000000000
14434	host	49.0	<none>
14467	host	49.0	c108000000000100
14474	49.0	host	00
14479	host	49.0	<none>
14494	host	49.0	c010000000001300
14507	49.0	host	00000000000000000000000000000000000000
14512	host	49.0	<none>
14529	host	49.0	c108000000000100
14536	49.0	host	00
14539	host	49.0	<none>
14550	host	49.0	c010000000001300
14563	49.0	host	00000000000000000000000000000000000000
14568	host	49.0	<none>
14597	host	49.0	c108000000000100
14604	49.0	host	00
14609	host	49.0	<none>
14618	host	49.0	c010000000001300
14631	49.0	host	00000000000000000000000000000000000000
14636	host	49.0	<none>
14667	host	49.0	c108000000000100
14674	49.0	host	00
14679	host	49.0	<none>
14694	host	49.0	c010000000001300
14707	49.0	host	00000000000000000000000000000000000000
14710	host	49.0	<none>
14725	host	49.0	c108000000000100
14732	49.0	host	00
14737	host	49.0	<none>
14746	host	49.0	c010000000001300
14759	49.0	host	00000000000000000000000000000000000000
14764	host	49.0	<none>
14793	host	49.0	c108000000000100
14800	49.0	host	00
14803	host	49.0	<none>
14814	host	49.0	c010000000001300
14823	49.0	host	00000000000000000000000000000000000000
14828	host	49.0	<none>
14855	host	49.0	c108000000000100
14862	49.0	host	00
14867	host	49.0	<none>
14876	host	49.0	c010000000001300
14889	49.0	host	00000000000000000000000000000000000000
14894	host	49.0	<none>
14925	host	49.0	c108000000000100
14932	49.0	host	00
14937	host	49.0	<none>
14948	host	49.0	c010000000001300
14959	49.0	host	00000000000000000000000000000000000000
14964	host	49.0	<none>
14985	host	49.0	c108000000000100
14992	49.0	host	00
14997	host	49.0	<none>
15018	host	49.0	c010000000001300
15027	49.0	host	00000000000000000000000000000000000000
15030	host	49.0	<none>
15045	host	49.0	c108000000000100
15054	49.0	host	00
15059	host	49.0	<none>
15074	host	49.0	c010000000001300
15083	49.0	host	00000000000000000000000000000000000000
15088	host	49.0	<none>
15111	host	49.0	c108000000000100
15118	49.0	host	00
15123	host	49.0	<none>
15136	host	49.0	c010000000001300
15147	49.0	host	00000000000000000000000000000000000000
15152	host	49.0	<none>
15217	host	49.0	c108000000000100
15225	49.0	host	00
15228	host	49.0	<none>
15239	host	49.0	c010000000001300
15250	49.0	host	00000000000000000000000000000000000000
15255	host	49.0	<none>
15324	host	49.0	c108000000000100
15333	49.0	host	00
15339	host	49.0	<none>
15346	host	49.0	c010000000001300
15359	49.0	host	00000000000000000000000000000000000000
15364	host	49.0	<none>
15399	host	49.0	c108000000000100
15410	49.0	host	00
15413	host	49.0	<none>
15432	host	49.0	c010000000001300
15445	49.0	host	00000000000000000000000000000000000000
15450	host	49.0	<none>
15507	host	49.0	c108000000000100
15515	49.0	host	00
15518	host	49.0	<none>
15527	host	49.0	c010000000001300
15540	49.0	host	00000000000000000000000000000000000000
15545	host	49.0	<none>
15584	host	49.0	c108000000000100
15595	49.0	host	00
15598	host	49.0	<none>
15615	host	49.0	c010000000001300
15626	49.0	host	00000000000000000000000000000000000000
15631	host	49.0	<none>
15642	host	49.0	c108000000000100
15651	49.0	host	00
15656	host	49.0	<none>
15665	host	49.0	c010000000001300
15676	49.0	host	00000000000000000000000000000000000000
15681	host	49.0	<none>
15716	host	49.0	c108000000000100
15723	49.0	host	00
15728	host	49.0	<none>
15739	host	49.0	c010000000001300
15752	49.0	host	00000000000000000000000000000000000000
15757	host	49.0	<none>
15778	host	49.0	c108000000000100
15787	49.0	host	00
15790	host	49.0	<none>
15801	host	49.0	c010000000001300
15812	49.0	host	00000000000000000000000000000000000000
15817	host	49.0	<none>
15856	host	49.0	c108000000000100
15863	49.0	host	00
15868	host	49.0	<none>
15879	host	49.0	c010000000001300
15890	49.0	host	00000000000000000000000000000000000000
15895	host	49.0	<none>
15912	host	49.0	c108000000000100
15919	49.0	host	00
15924	host	49.0	<none>
15939	host	49.0	c010000000001300
15950	49.0	host	00000000000000000000000000000000000000
15955	host	49.0	<none>
16016	host	49.0	c108000000000100
16024	49.0	host	00
16029	host	49.0	<none>
16044	host	49.0	c010000000001300
16057	49.0	host	00000000000000000000000000000000000000
16062	host	49.0	<none>
16095	host	49.0	c108000000000100
16102	49.0	host	00
16107	host	49.0	<none>
16118	host	49.0	c010000000001300
16127	49.0	host	00000000000000000000000000000000000000
16132	host	49.0	<none>
16175	host	49.0	c108000000000100
16182	49.0	host	00
16187	host	49.0	<none>
16196	host	49.0	c010000000001300
16209	49.0	host	00000000000000000000000000000000000000
16212	host	49.0	<none>
16245	host	49.0	c108000000000100
16254	49.0	host	00
16257	host	49.0	<none>
16271	host	49.0	c010000000001300
16284	49.0	host	00000000000000000000000000000000000000
16289	host	49.0	<none>
16354	host	49.0	c108000000000100
16359	49.0	host	00
16364	host	49.0	<none>
16373	host	49.0	c010000000001300
16385	49.0	host	00000000000000000000000000000000000000
16390	host	49.0	<none>
16451	host	49.0	c108000000000100
16458	49.0	host	00
16463	host	49.0	<none>
16488	host	49.0	c010000000001300
16496	49.0	host	00000000000000000000000000000000000000
16501	host	49.0	<none>
16550	host	49.0	c108000000000100
16557	49.0	host	00
16562	host	49.0	<none>
16575	host	49.0	c010000000001300
16588	49.0	host	00000000000000000000000000000000000000
16593	host	49.0	<none>
16612	host	49.0	c108000000000100
16619	49.0	host	00
16624	host	49.0	<none>
16641	host	49.0	c010000000001300
16652	49.0	host	00000000000000000000000000000000000000
16657	host	49.0	<none>
16684	host	49.0	c108000000000100
16691	49.0	host	00
16696	host	49.0	<none>
16707	host	49.0	c010000000001300
16720	49.0	host	00000000000000000000000000000000000000
16723	host	49.0	<none>
16776	host	49.0	c108000000000100
16785	49.0	host	00
16788	host	49.0	<none>
16812	host	49.0	c010000000001300
16825	49.0	host	00000000000000000000000000000000000000
16830	host	49.0	<none>
16849	host	49.0	c108000000000100
16858	49.0	host	00
16863	host	49.0	<none>
16872	host	49.0	c010000000001300
16885	49.0	host	00000000000000000000000000000000000000
16890	host	49.0	<none>
16943	host	49.0	c108000000000100
16950	49.0	host	00
16955	host	49.0	<none>
16966	host	49.0	c010000000001300
16976	49.0	host	00000000000000000000000000000000000000
16981	host	49.0	<none>
17040	host	49.0	c108000000000100
17049	49.0	host	00
17054	host	49.0	<none>
17096	host	49.0	c010000000001300
17107	49.0	host	00000000000000000000000000000000000000
17112	host	49.0	<none>
17153	host	49.0	c108000000000100
17160	49.0	host	00
17165	host	49.0	<none>
17178	host	49.0	c010000000001300
17189	49.0	host	00000000000000000000000000000000000000
17194	host	49.0	<none>
17211	host	49.0	c108000000000100
17218	49.0	host	00
17223	host	49.0	<none>
17234	host	49.0	c010000000001300
17243	49.0	host	00000000000000000000000000000000000000
17248	host	49.0	<none>
17283	host	49.0	c108000000000100
17292	49.0	host	00
17297	host	49.0	<none>
17310	host	49.0	c010000000001300
17323	49.0	host	00000000000000000000000000000000000000
17328	host	49.0	<none>
17369	host	49.0	c108000000000100
17376	49.0	host	00
17381	host	49.0	<none>
17391	host	49.0	c010000000001300
17404	49.0	host	00000000000000000000000000000000000000
17409	host	49.0	<none>
17450	host	49.0	c108000000000100
17457	49.0	host	00
17462	host	49.0	<none>
17477	host	49.0	c010000000001300
17488	49.0	host	00000000000000000000000000000000000000
17493	host	49.0	<none>
17524	host	49.0	c108000000000100
17531	49.0	host	00
17536	host	49.0	<none>
17549	host	49.0	c010000000001300
17562	49.0	host	00000000000000000000000000000000000000
17567	host	49.0	<none>
17576	host	49.0	c108000000000100
17585	49.0	host	00
17590	host	49.0	<none>
17603	host	49.0	c010000000001300
17616	49.0	host	00000000000000000000000000000000000000
17619	host	49.0	<none>
17670	host	49.0	c108000000000100
17679	49.0	host	00
17684	host	49.0	<none>
17693	host	49.0	c010000000001300
17701	49.0	host	00000000000000000000000000000000000000
17706	host	49.0	<none>
17779	host	49.0	c108000000000100
17786	49.0	host	00
17791	host	49.0	<none>
17803	host	49.0	c010000000001300
17816	49.0	host	00000000000000000000000000000000000000
17821	host	49.0	<none>
17888	host	49.0	c108000000000100
17897	49.0	host	00
17900	host	49.0	<none>
17910	host	49.0	c010000000001300
17923	49.0	host	00000000000000000000000000000000000000
17928	host	49.0	<none>
18009	host	49.0	c108000000000100
18015	49.0	host	00
18018	host	49.0	<none>
18033	host	49.0	c010000000001300
18046	49.0	host	00000000000000000000000000000000000000
18051	host	49.0	<none>
18106	host	49.0	c108000000000100
18113	49.0	host	00
18118	host	49.0	<none>
18127	host	49.0	c010000000001300
18133	49.0	host	00000000000000000000000000000000000000
18136	host	49.0	<none>
18199	host	49.0	c108000000000100
18206	49.0	host	00
18211	host	49.0	<none>
18222	host	49.0	c010000000001300
18235	49.0	host	00000000000000000000000000000000000000
18240	host	49.0	<none>
18253	host	49.0	c108000000000100
18260	49.0	host	00
18265	host	49.0	<none>
18278	host	49.0	c010000000001300
18287	49.0	host	00000000000000000000000000000000000000
18292	host	49.0	<none>
18325	host	49.0	c108000000000100
18332	49.0	host	00
18337	host	49.0	<none>
18348	host	49.0	c010000000001300
18361	49.0	host	00000000000000000000000000000000000000
18364	host	49.0	<none>
18415	host	49.0	c108000000000100
18424	49.0	host	00
18430	host	49.0	<none>
18439	host	49.0	c010000000001300
18452	49.0	host	00000000000000000000000000000000000000
18457	host	49.0	<none>
18512	host	49.0	c108000000000100
18519	49.0	host	00
18524	host	49.0	<none>
18540	host	49.0	c010000000001300
18551	49.0	host	00000000000000000000000000000000000000
18556	host	49.0	<none>
18599	host	49.0	c108000000000100
18608	49.0	host	00
18613	host	49.0	<none>
18626	host	49.0	c010000000001300
18639	49.0	host	00000000000000000000000000000000000000
18644	host	49.0	<none>
18669	host	49.0	c108000000000100
18676	49.0	host	00
18681	host	49.0	<none>
18692	host	49.0	c010000000001300
18703	49.0	host	00000000000000000000000000000000000000
18708	host	49.0	<none>
18765	host	49.0	c108000000000100
18772	49.0	host	00
18777	host	49.0	<none>
18787	host	49.0	c010000000001300
18798	49.0	host	00000000000000000000000000000000000000
18803	host	49.0	<none>
18836	host	49.0	c108000000000100
18845	49.0	host	00
18848	host	49.0	<none>
18861	host	49.0	c010000000001300
18872	49.0	host	00000000000000000000000000000000000000
18877	host	49.0	<none>
18932	host	49.0	c108000000000100
18939	49.0	host	00
18944	host	49.0	<none>
18954	host	49.0	c010000000001300
18967	49.0	host	00000000000000000000000000000000000000
18972	host	49.0	<none>
19019	host	49.0	c108000000000100
19026	49.0	host	00
19031	host	49.0	<none>
19040	host	49.0	c010000000001300
19049	49.0	host	00000000000000000000000000000000000000
19054	host	49.0	<none>
19071	host	49.0	c108000000000100
19080	49.0	host	00
19083	host	49.0	<none>
19098	host	49.0	c010000000001300
19109	49.0	host	00000000000000000000000000000000000000
19114	host	49.0	<none>
19141	host	49.0	c108000000000100
19150	49.0	host	00
19155	host	49.0	<none>
19166	host	49.0	c010000000001300
19177	49.0	host	00000000000000000000000000000000000000
19182	host	49.0	<none>
19219	host	49.0	c108000000000100
19228	49.0	host	00
19233	host	49.0	<none>
19242	host	49.0	c010000000001300
19255	49.0	host	00000000000000000000000000000000000000
19260	host	49.0	<none>
19285	host	49.0	c108000000000100
19292	49.0	host	00
19297	host	49.0	<none>
19308	host	49.0	c010000000001300
19321	49.0	host	00000000000000000000000000000000000000
19326	host	49.0	<none>
19363	host	49.0	c108000000000100
19372	49.0	host	00
19377	host	49.0	<none>
19388	host	49.0	c010000000001300
19394	49.0	host	00000000000000000000000000000000000000
19399	host	49.0	<none>
19472	host	49.0	c108000000000100
19481	49.0	host	00
19484	host	49.0	<none>
19495	host	49.0	c010000000001300
19501	49.0	host	00000000000000000000000000000000000000
19504	host	49.0	<none>
19575	host	49.0	c108000000000100
19584	49.0	host	00
19589	host	49.0	<none>
19598	host	49.0	c010000000001300
19610	49.0	host	00000000000000000000000000000000000000
19615	host	49.0	<none>
19684	host	49.0	c108000000000100
19691	49.0	host	00
19696	host	49.0	<none>
19709	host	49.0	c010000000001300
19717	49.0	host	00000000000000000000000000000000000000
19722	host	49.0	<none>
19779	host	49.0	c108000000000100
19786	49.0	host	00
19791	host	49.0	<none>
19802	host	49.0	c010000000001300
19813	49.0	host	00000000000000000000000000000000000000
19818	host	49.0	<none>
19873	host	49.0	c108000000000100
19881	49.0	host	00
19886	host	49.0	<none>
19895	host	49.0	c010000000001300
19906	49.0	host	00000000000000000000000000000000000000
19911	host	49.0	<none>
19962	host	49.0	c108000000000100
19969	49.0	host	00
19974	host	49.0	<none>
19989	host	49.0	c010000000001300
20001	49.0	host	00000000000000000000000000000000000000
20006	host	49.0	<none>
20079	host	49.1	55555555555555d50101000001000000100000000000000000000000000000000045e1ea45
20094	host	49.0	c010000000001300
20107	49.0	host	00000000000000003600000000000000000000
20112	host	49.0	<none>
20152	49.1	host	55555555555555d5010100000400000010aa9900001006010000aaaaaaaaaaaaaa027859f555555555555555d50301000000000002000001300c010001390603
20195	49.1	host	00010b01000001010019ffffff230200000000600060000f0000024000630001010003ff0000021003c0000001f901803010008003f2001bab0000000000000a
20240	49.1	host	0000000000000101013f3f3f0000000100000000000004000040001603ff00000000000000000000000000000000000000000009000000000001000100000000
20283	49.1	host	0000004000000100000000000000000000000000000009010000147130003000af5086a086a00000002d00140014000000000000000002000000000000000000
20326	49.1	host	00000000000000000000000000000000000000000000000000000000000000000000000000000000040000000000000000000000000000010203040506070809
20371	49.1	host	0a0b0c0d0e0f101112131415161718191a1b1c1d1e1f202122232425262728292a2b2c2d2e2f303132333435363738393a3b3c3d3e3f00000000000000000000
20414	49.1	host	00000000000000000000000000000000000000000000000000000000000000000000000000000000000000000000000000000000000000000000000000000000
20457	49.1	host	00000000000000000000000000000000000000000000000000000000000000000000000000000000000000000000000000000000000000000000000000000000
20474	49.1	host	00000000000000280014000000000000000000000000000000000000000000000096002800140000000000010002ffffffff23016586ac6651d6
20521	host	49.0	c010000000001300
20531	49.0	host	00000000000000000000000000000000000000
20536	host	49.0	<none>
20585	host	49.0	c108000000000100
20594	49.0	host	00
20599	host	49.0	<none>
20610	host	49.0	c010000000001300
20623	49.0	host	00000000000000000000000000000000000000
20628	host	49.0	<none>
20673	host	49.1	55555555555555d501010100010000001000000000000000000000000000000000910b99de
20694	49.1	host	55555555555555d5010101000400000010aa9900001006010000aaaaaaaaaaaaaad6922a6e55555555555555d50301010000000002000001280a010001390504
20743	host	49.0	c010000000001300
20754	49.0	host	00000000000000001a00000000000000000000
20759	host	49.0	<none>
20794	49.1	host	00010f01000002030019ffffff260201000000500050000f0000019000630001010001ffa42b02100ce400020c3400a05020040000b30005a10001000000004e
20837	49.1	host	000000000000010103393939a501000100000000010304000037002803ff0300843984f984f9000b100b100b6c007c005c001103070f01030201000102000000
20880	49.1	host	000000400100000000000000000000000000000000000b0100000000000000000000000000000000000000000000000000000000000004000000000000000000
20925	49.1	host	00000000000000000000000000000000000000000000000000000000000000000000000000000000040000000000000000000500000000010203040506070809
20970	49.1	host	0a0b0c0d0e0f101112131415161718191a1b1c1d1e1f202122232425262728292a2b2c2d2e2f303132333435363738393a3b3c3d3e3f00000000000000000000
21015	49.1	host	00000000000000000000000000000000000000000000000000000000000000000000000000000000000000000000000000000000000000000000000000000000
21058	49.1	host	00000000000000000000000000000000000000000000000000000000000000000000000000000000000000000000000000000000000000000000000000000000
21083	49.1	host	0000000000000000000000000000000000000000000000000000000000000000000000f000640000000000060008ffffffff220101866e59c337
21100	host	49.0	c010000000001300
21111	49.0	host	00000000000000000000000000000000000000
21116	host	49.0	<none>
21173	host	49.1	55555555555555d501010200010000001000000000000000000000000000000000ac327ca8
21208	host	49.0	c010000000001300
21221	49.0	host	00000000000000000500000000000000000000
21226	host	49.0	<none>
21269	49.1	host	55555555555555d5010102000400000010aa9900001006010000aaaaaaaaaaaaaaebabcf18
21314	host	49.0	c108000000000100
21321	49.0	host	00
21326	host	49.0	<none>
21340	host	49.0	c010000000001300
21353	49.0	host	00000000000000000000000000000000000000
21358	host	49.0	<none>
21389	host	49.0	c108000000000100
21396	49.0	host	00
21401	host	49.0	<none>
21412	host	49.0	c010000000001300
21425	49.0	host	00000000000000000000000000000000000000
21430	host	49.0	<none>
21483	host	49.0	c108000000000100
21490	49.0	host	00
21495	host	49.0	<none>
21504	host	49.0	c010000000001300
21516	49.0	host	00000000000000000000000000000000000000
21521	host	49.0	<none>
21590	host	49.0	c108000000000100
21597	49.0	host	00
21602	host	49.0	<none>
21613	host	49.0	c010000000001300
21625	49.0	host	00000000000000000000000000000000000000
21630	host	49.0	<none>
21715	host	49.0	c108000000000100
21721	49.0	host	00
21726	host	49.0	<none>
21767	host	49.0	c010000000001300
21777	49.0	host	00000000000000000000000000000000000000
21782	host	49.0	<none>
21837	host	49.0	c108000000000100
21844	49.0	host	00
21849	host	49.0	<none>
21858	host	49.0	c010000000001300
21869	49.0	host	00000000000000000000000000000000000000
21874	host	49.0	<none>
21911	host	49.0	c108000000000100
21918	49.0	host	00
21923	host	49.0	<none>
21934	host	49.0	c010000000001300
21945	49.0	host	00000000000000000000000000000000000000
21950	host	49.0	<none>
21997	host	49.0	c108000000000100
22007	49.0	host	00
22010	host	49.0	<none>
22019	host	49.0	c010000000001300
22032	49.0	host	00000000000000000000000000000000000000
22037	host	49.0	<none>
22100	host	49.0	c108000000000100
22107	49.0	host	00
22112	host	49.0	<none>
22128	host	49.0	c010000000001300
22139	49.0	host	00000000000000000000000000000000000000
22144	host	49.0	<none>
22185	host	49.0	c108000000000100
22192	49.0	host	00
22197	host	49.0	<none>
22206	host	49.0	c010000000001300
22219	49.0	host	00000000000000000000000000000000000000
22222	host	49.0	<none>
22243	host	49.0	c108000000000100
22250	49.0	host	00
22255	host	49.0	<none>
22272	host	49.0	c010000000001300
22285	49.0	host	00000000000000000000000000000000000000
22288	host	49.0	<none>
22315	host	49.1	55555555555555d5010200000100000010000000000000000000000000000000006d48f41d
22354	49.1	host	55555555555555d5010200000400000010aa9900001006010000aaaaaaaaaaaaaa2ad147ad
22376	host	49.0	c010000000001300
22389	49.0	host	00000000000000000000000000000000000000
22394	host	49.0	<none>
22459	host	49.0	c010000000001300
22472	49.0	host	00000000000000000000000000000000000000
22477	host	49.0	<none>
22488	host	49.0	c108000000000100
22495	49.0	host	00
22500	host	49.0	<none>
22509	host	49.0	c010000000001300
22522	49.0	host	00000000000000000000000000000000000000
22527	host	49.0	<none>
22582	host	49.0	c108000000000100
22589	49.0	host	00
22594	host	49.0	<none>
22606	host	49.0	c010000000001300
22617	49.0	host	00000000000000000000000000000000000000
22622	host	49.0	<none>
22679	host	49.0	c108000000000100
22686	49.0	host	00
22691	host	49.0	<none>
22704	host	49.0	c010000000001300
22717	49.0	host	00000000000000000000000000000000000000
22723	host	49.0	<none>
22770	host	49.0	c108000000000100
22777	49.0	host	00
22782	host	49.0	<none>
22795	host	49.0	c010000000001300
22808	49.0	host	00000000000000000000000000000000000000
22813	host	49.0	<none>
22858	host	49.0	c108000000000100
22867	49.0	host	00
22870	host	49.0	<none>
22879	host	49.0	c010000000001300
22892	49.0	host	00000000000000000000000000000000000000
22898	host	49.0	<none>
22955	host	49.0	c108000000000100
22962	49.0	host	00
22967	host	49.0	<none>
22976	host	49.0	c010000000001300
22987	49.0	host	00000000000000000000000000000000000000
22990	host	49.0	<none>
23013	host	49.0	c108000000000100
23020	49.0	host	00
23025	host	49.0	<none>
23042	host	49.0	c010000000001300
23053	49.0	host	00000000000000000000000000000000000000
23058	host	49.0	<none>
23107	host	49.0	c108000000000100
23114	49.0	host	00
23119	host	49.0	<none>
23126	host	49.0	c010000000001300
23136	49.0	host	00000000000000000000000000000000000000
23141	host	49.0	<none>
23198	host	49.0	c108000000000100
23207	49.0	host	00
23212	host	49.0	<none>
23221	host	49.0	c010000000001300
23234	49.0	host	00000000000000000000000000000000000000
23237	host	49.0	<none>
23254	host	49.0	c108000000000100
23261	49.0	host	00
23266	host	49.0	<none>
23281	host	49.0	c010000000001300
23292	49.0	host	00000000000000000000000000000000000000
23297	host	49.0	<none>
23322	host	49.0	c108000000000100
23329	49.0	host	00
23334	host	49.0	<none>
23343	host	49.0	c010000000001300
23356	49.0	host	00000000000000000000000000000000000000
23361	host	49.0	<none>
23416	host	49.0	c108000000000100
23425	49.0	host	00
23428	host	49.0	<none>
23440	host	49.0	c010000000001300
23449	49.0	host	00000000000000000000000000000000000000
23454	host	49.0	<none>
23515	host	49.0	c108000000000100
23524	49.0	host	00
23527	host	49.0	<none>
23538	host	49.0	c010000000001300
23548	49.0	host	00000000000000000000000000000000000000
23553	host	49.0	<none>
23612	host	49.0	c108000000000100
23619	49.0	host	00
23624	host	49.0	<none>
23631	host	49.0	c010000000001300
23644	49.0	host	00000000000000000000000000000000000000
23647	host	49.0	<none>
23694	host	49.0	c108000000000100
23701	49.0	host	00
23706	host	49.0	<none>
23716	host	49.0	c010000000001300
23727	49.0	host	00000000000000000000000000000000000000
23732	host	49.0	<none>
23791	host	49.0	c108000000000100
23800	49.0	host	00
23805	host	49.0	<none>
23818	host	49.0	c010000000001300
23830	49.0	host	00000000000000000000000000000000000000
23835	host	49.0	<none>
23906	host	49.0	c108000000000100
23913	49.0	host	00
23918	host	49.0	<none>
23930	host	49.0	c010000000001300
23939	49.0	host	00000000000000000000000000000000000000
23944	host	49.0	<none>
24003	host	49.0	c108000000000100
24012	49.0	host	00
24015	host	49.0	<none>
24077	host	49.0	c010000000001300
24085	49.0	host	00000000000000000000000000000000000000
24088	host	49.0	<none>
24143	host	49.0	c108000000000100
24150	49.0	host	00
24155	host	49.0	<none>
24164	host	49.0	c010000000001300
24177	49.0	host	00000000000000000000000000000000000000
24180	host	49.0	<none>
24231	host	49.0	c108000000000100
24238	49.0	host	00
24243	host	49.0	<none>
24251	host	49.0	c010000000001300
24260	49.0	host	00000000000000000000000000000000000000
24265	host	49.0	<none>
24330	host	49.0	c108000000000100
24339	49.0	host	00
24342	host	49.0	<none>
24355	host	49.0	c010000000001300
24365	49.0	host	00000000000000000000000000000000000000
24370	host	49.0	<none>
24427	host	49.0	c108000000000100
24434	49.0	host	00
24437	host	49.0	<none>
24454	host	49.0	c010000000001300
24467	49.0	host	00000000000000000000000000000000000000
24472	host	49.0	<none>
24481	host	49.0	c108000000000100
24490	49.0	host	00
24495	host	49.0	<none>
24506	host	49.0	c010000000001300
24519	49.0	host	00000000000000000000000000000000000000
24524	host	49.0	<none>
24587	host	49.0	c108000000000100
24593	49.0	host	00
24596	host	49.0	<none>
24605	host	49.0	c010000000001300
24618	49.0	host	00000000000000000000000000000000000000
24623	host	49.0	<none>
24660	host	49.0	c108000000000100
24667	49.0	host	00
24672	host	49.0	<none>
24683	host	49.0	c010000000001300
24692	49.0	host	00000000000000000000000000000000000000
24697	host	49.0	<none>
24724	host	49.0	c108000000000100
24735	49.0	host	00
24738	host	49.0	<none>
24749	host	49.0	c010000000001300
24760	49.0	host	00000000000000000000000000000000000000
24765	host	49.0	<none>
24794	host	49.0	c108000000000100
24801	49.0	host	00
24806	host	49.0	<none>
24815	host	49.0	c010000000001300
24830	49.0	host	00000000000000000000000000000000000000
24835	host	49.0	<none>
24876	host	49.0	c108000000000100
24883	49.0	host	00
24888	host	49.0	<none>
24906	host	49.0	c010000000001300
24919	49.0	host	00000000000000000000000000000000000000
24924	host	49.0	<none>
24971	host	49.0	c108000000000100
24978	49.0	host	00
24983	host	49.0	<none>
24996	host	49.0	c010000000001300
25009	49.0	host	00000000000000000000000000000000000000
25014	host	49.0	<none>
25039	host	49.0	c108000000000100
25044	49.0	host	00
25047	host	49.0	<none>
25056	host	49.0	c010000000001300
25065	49.0	host	00000000000000000000000000000000000000
25070	host	49.0	<none>
25109	host	49.0	c108000000000100
25118	49.0	host	00
25121	host	49.0	<none>
25139	host	49.0	c010000000001300
25148	49.0	host	00000000000000000000000000000000000000
25153	host	49.0	<none>
25210	host	49.0	c108000000000100
25217	49.0	host	00
25222	host	49.0	<none>
25231	host	49.0	c010000000001300
25240	49.0	host	00000000000000000000000000000000000000
25245	host	49.0	<none>
25288	host	49.0	c108000000000100
25295	49.0	host	00
25300	host	49.0	<none>
25308	host	49.0	c010000000001300
25319	49.0	host	00000000000000000000000000000000000000
25324	host	49.0	<none>
25381	host	49.0	c108000000000100
25390	49.0	host	00
25395	host	49.0	<none>
25410	host	49.0	c010000000001300
25421	49.0	host	00000000000000000000000000000000000000
25426	host	49.0	<none>
25435	host	49.0	c108000000000100
25442	49.0	host	00
25447	host	49.0	<none>
25462	host	49.0	c010000000001300
25473	49.0	host	00000000000000000000000000000000000000
25478	host	49.0	<none>
25503	host	49.0	c108000000000100
25510	49.0	host	00
25515	host	49.0	<none>
25524	host	49.0	c010000000001300
25537	49.0	host	00000000000000000000000000000000000000
25542	host	49.0	<none>
25581	host	49.0	c108000000000100
25588	49.0	host	00
25593	host	49.0	<none>
25606	host	49.0	c010000000001300
25619	49.0	host	00000000000000000000000000000000000000
25622	host	49.0	<none>
25649	host	49.0	c108000000000100
25656	49.0	host	00
25661	host	49.0	<none>
25683	host	49.0	c010000000001300
25696	49.0	host	00000000000000000000000000000000000000
25701	host	49.0	<none>
25752	host	49.0	c108000000000100
25759	49.0	host	00
25764	host	49.0	<none>
25779	host	49.0	c010000000001300
25788	49.0	host	00000000000000000000000000000000000000
25793	host	49.0	<none>
25816	host	49.0	c108000000000100
25823	49.0	host	00
25828	host	49.0	<none>
25841	host	49.0	c010000000001300
25852	49.0	host	00000000000000000000000000000000000000
25857	host	49.0	<none>
25872	host	49.0	c108000000000100
25879	49.0	host	00
25884	host	49.0	<none>
25895	host	49.0	c010000000001300
25906	49.0	host	00000000000000000000000000000000000000
25911	host	49.0	<none>
25942	host	49.0	c108000000000100
25949	49.0	host	00
25954	host	49.0	<none>
25967	host	49.0	c010000000001300
25980	49.0	host	00000000000000000000000000000000000000
25985	host	49.0	<none>
26028	host	49.0	c108000000000100
26035	49.0	host	00
26040	host	49.0	<none>
26052	host	49.0	c010000000001300
26065	49.0	host	00000000000000000000000000000000000000
26070	host	49.0	<none>
26129	host	49.0	c108000000000100
26136	49.0	host	00
26141	host	49.0	<none>
26152	host	49.0	c010000000001300
26163	49.0	host	00000000000000000000000000000000000000
26169	host	49.0	<none>
26230	host	49.0	c108000000000100
26237	49.0	host	00
26242	host	49.0	<none>
26255	host	49.0	c010000000001300
26268	49.0	host	00000000000000000000000000000000000000
26273	host	49.0	<none>
26300	host	49.0	c108000000000100
26307	49.0	host	00
26310	host	49.0	<none>
26325	host	49.0	c010000000001300
26338	49.0	host	00000000000000000000000000000000000000
26344	host	49.0	<none>
26411	host	49.0	c108000000000100
26418	49.0	host	00
26423	host	49.0	<none>
26438	host	49.0	c010000000001300
26450	49.0	host	00000000000000000000000000000000000000
26455	host	49.0	<none>
26524	host	49.0	c108000000000100
26531	49.0	host	00
26536	host	49.0	<none>
26547	host	49.0	c010000000001300
26557	49.0	host	00000000000000000000000000000000000000
26562	host	49.0	<none>
26621	host	49.0	c108000000000100
26626	49.0	host	00
26631	host	49.0	<none>
26638	host	49.0	c010000000001300
26651	49.0	host	00000000000000000000000000000000000000
26656	host	49.0	<none>
26695	host	49.0	c108000000000100
26704	49.0	host	00
26707	host	49.0	<none>
26727	host	49.0	c010000000001300
26740	49.0	host	00000000000000000000000000000000000000
26745	host	49.0	<none>
26798	host	49.0	c108000000000100
26805	49.0	host	00
26810	host	49.0	<none>
26825	host	49.0	c010000000001300
26836	49.0	host	00000000000000000000000000000000000000
26841	host	49.0	<none>
26860	host	49.0	c108000000000100
26867	49.0	host	00
26872	host	49.0	<none>
26881	host	49.0	c010000000001300
26890	49.0	host	00000000000000000000000000000000000000
26895	host	49.0	<none>
26922	host	49.0	c108000000000100
26929	49.0	host	00
26934	host	49.0	<none>
26943	host	49.0	c010000000001300
26956	49.0	host	00000000000000000000000000000000000000
26959	host	49.0	<none>
27012	host	49.0	c108000000000100
27021	49.0	host	00
27026	host	49.0	<none>
27048	host	49.0	c010000000001300
27059	49.0	host	00000000000000000000000000000000000000
27064	host	49.0	<none>
27103	host	49.0	c108000000000100
27110	49.0	host	00
27115	host	49.0	<none>
27132	host	49.0	c010000000001300
27141	49.0	host	00000000000000000000000000000000000000
27146	host	49.0	<none>
27191	host	49.0	c108000000000100
27199	49.0	host	00
27204	host	49.0	<none>
27229	host	49.0	c010000000001300
27242	49.0	host	00000000000000000000000000000000000000
27247	host	49.0	<none>
27294	host	49.0	c108000000000100
27301	49.0	host	00
27306	host	49.0	<none>
27316	host	49.0	c010000000001300
27329	49.0	host	00000000000000000000000000000000000000
27334	host	49.0	<none>
27391	host	49.0	c108000000000100
27400	49.0	host	00
27405	host	49.0	<none>
27423	host	49.0	c010000000001300
27436	49.0	host	00000000000000000000000000000000000000
27441	host	49.0	<none>
27502	host	49.0	c108000000000100
27509	49.0	host	00
27514	host	49.0	<none>
27525	host	49.0	c010000000001300
27538	49.0	host	00000000000000000000000000000000000000
27544	host	49.0	<none>
27615	host	49.0	c108000000000100
27622	49.0	host	00
27627	host	49.0	<none>
27640	host	49.0	c010000000001300
27648	49.0	host	00000000000000000000000000000000000000
27653	host	49.0	<none>
27716	host	49.0	c108000000000100
27725	49.0	host	00
27730	host	49.0	<none>
27739	host	49.0	c010000000001300
27752	49.0	host	00000000000000000000000000000000000000
27757	host	49.0	<none>
27782	host	49.0	c108000000000100
27789	49.0	host	00
27794	host	49.0	<none>
27813	host	49.0	c010000000001300
27825	49.0	host	00000000000000000000000000000000000000
27830	host	49.0	<none>
27895	host	49.0	c108000000000100
27904	49.0	host	00
27907	host	49.0	<none>
27963	host	49.0	c010000000001300
27976	49.0	host	00000000000000000000000000000000000000
27982	host	49.0	<none>
28043	host	49.0	c108000000000100
28050	49.0	host	00
28055	host	49.0	<none>
28066	host	49.0	c010000000001300
28079	49.0	host	00000000000000000000000000000000000000
28084	host	49.0	<none>
28129	host	49.0	c108000000000100
28136	49.0	host	00
28142	host	49.0	<none>
28155	host	49.0	c010000000001300
28164	49.0	host	00000000000000000000000000000000000000
28169	host	49.0	<none>
28234	host	49.0	c108000000000100
28241	49.0	host	00
28246	host	49.0	<none>
28258	host	49.0	c010000000001300
28269	49.0	host	00000000000000000000000000000000000000
28274	host	49.0	<none>
28339	host	49.0	c108000000000100
28346	49.0	host	00
28349	host	49.0	<none>
28361	host	49.0	c010000000001300
28374	49.0	host	00000000000000000000000000000000000000
28379	host	49.0	<none>
28446	host	49.0	c108000000000100
28453	49.0	host	00
28458	host	49.0	<none>
28467	host	49.0	c010000000001300
28473	49.0	host	00000000000000000000000000000000000000
28478	host	49.0	<none>
28551	host	49.0	c108000000000100
28560	49.0	host	00
28563	host	49.0	<none>
28575	host	49.0	c010000000001300
28588	49.0	host	00000000000000000000000000000000000000
28593	host	49.0	<none>
28664	host	49.0	c108000000000100
28671	49.0	host	00
28676	host	49.0	<none>
28688	host	49.0	c010000000001300
28699	49.0	host	00000000000000000000000000000000000000
28704	host	49.0	<none>
28779	host	49.0	c108000000000100
28789	49.0	host	00
28794	host	49.0	<none>
28813	host	49.0	c010000000001300
28822	49.0	host	00000000000000000000000000000000000000
28827	host	49.0	<none>
28876	host	49.0	c108000000000100
28883	49.0	host	00
28888	host	49.0	<none>
28897	host	49.0	c010000000001300
28907	49.0	host	00000000000000000000000000000000000000
28912	host	49.0	<none>
28993	host	49.0	c108000000000100
29000	49.0	host	00
29006	host	49.0	<none>
29019	host	49.0	c010000000001300
29030	49.0	host	00000000000000000000000000000000000000
29035	host	49.0	<none>
29098	host	49.0	c108000000000100
29105	49.0	host	00
29110	host	49.0	<none>
29120	host	49.0	c010000000001300
29129	49.0	host	00000000000000000000000000000000000000
29134	host	49.0	<none>
29207	host	49.0	c108000000000100
29214	49.0	host	00
29220	host	49.0	<none>
29231	host	49.0	c010000000001300
29242	49.0	host	00000000000000000000000000000000000000
29247	host	49.0	<none>
29284	host	49.0	c108000000000100
29293	49.0	host	00
29298	host	49.0	<none>
29307	host	49.0	c010000000001300
29320	49.0	host	00000000000000000000000000000000000000
29325	host	49.0	<none>
29362	host	49.0	c108000000000100
29369	49.0	host	00
29374	host	49.0	<none>
29418	host	49.0	c010000000001300
29431	49.0	host	00000000000000000000000000000000000000
29436	host	49.0	<none>
29479	host	49.0	c108000000000100
29486	49.0	host	00
29491	host	49.0	<none>
29504	host	49.0	c010000000001300
29512	49.0	host	00000000000000000000000000000000000000
29517	host	49.0	<none>
29584	host	49.0	c108000000000100
29593	49.0	host	00
29596	host	49.0	<none>
29607	host	49.0	c010000000001300
29618	49.0	host	00000000000000000000000000000000000000
29624	host	49.0	<none>
29691	host	49.0	c108000000000100
29698	49.0	host	00
29703	host	49.0	<none>
29714	host	49.0	c010000000001300
29725	49.0	host	00000000000000000000000000000000000000
29730	host	49.0	<none>
29757	host	49.0	c108000000000100
29764	49.0	host	00
29769	host	49.0	<none>
29780	host	49.0	c010000000001300
29791	49.0	host	00000000000000000000000000000000000000
29796	host	49.0	<none>
29823	host	49.0	c108000000000100
29828	49.0	host	00
29831	host	49.0	<none>
29850	host	49.0	c010000000001300
29858	49.0	host	00000000000000000000000000000000000000
29863	host	49.0	<none>
29924	host	49.0	c108000000000100
29931	49.0	host	00
29936	host	49.0	<none>
29945	host	49.0	c010000000001300
29956	49.0	host	00000000000000000000000000000000000000
29961	host	49.0	<none>
29988	host	49.0	c108000000000100
29997	49.0	host	00
30002	host	49.0	<none>
30013	host	49.0	c010000000001300
30026	49.0	host	00000000000000000000000000000000000000
30031	host	49.0	<none>
30058	host	49.0	c108000000000100
30065	49.0	host	00
30070	host	49.0	<none>
30081	host	49.0	c010000000001300
30092	49.0	host	00000000000000000000000000000000000000
30097	host	49.0	<none>
30122	host	49.0	c108000000000100
30129	49.0	host	00
30134	host	49.0	<none>
30143	host	49.0	c010000000001300
30154	49.0	host	00000000000000000000000000000000000000
30159	host	49.0	<none>
30174	host	49.0	c108000000000100
30181	49.0	host	00
30186	host	49.0	<none>
30203	host	49.0	c010000000001300
30212	49.0	host	00000000000000000000000000000000000000
30217	host	49.0	<none>
30236	host	49.0	c108000000000100
30245	49.0	host	00
30250	host	49.0	<none>
30259	host	49.0	c010000000001300
30272	49.0	host	00000000000000000000000000000000000000
30277	host	49.0	<none>
30328	host	49.0	c108000000000100
30335	49.0	host	00
30340	host	49.0	<none>
30349	host	49.0	c010000000001300
30362	49.0	host	00000000000000000000000000000000000000
30368	host	49.0	<none>
30439	host	49.0	c108000000000100
30446	49.0	host	00
30451	host	49.0	<none>
30460	host	49.0	c010000000001300
30474	49.0	host	00000000000000000000000000000000000000
30479	host	49.0	<none>
30548	host	49.0	c108000000000100
30555	49.0	host	00
30560	host	49.0	<none>
30576	host	49.0	c010000000001300
30589	49.0	host	00000000000000000000000000000000000000
30594	host	49.0	<none>
30655	host	49.0	c108000000000100
30664	49.0	host	00
30669	host	49.0	<none>
30678	host	49.0	c010000000001300
30689	49.0	host	00000000000000000000000000000000000000
30694	host	49.0	<none>
30727	host	49.0	c108000000000100
30732	49.0	host	00
30735	host	49.0	<none>
30746	host	49.0	c010000000001300
30756	49.0	host	00000000000000000000000000000000000000
30761	host	49.0	<none>
30844	host	49.0	c108000000000100
30852	49.0	host	00
30857	host	49.0	<none>
30882	host	49.0	c010000000001300
30891	49.0	host	00000000000000000000000000000000000000
30896	host	49.0	<none>
30945	host	49.0	c108000000000100
30952	49.0	host	00
30957	host	49.0	<none>
30969	host	49.0	c010000000001300
30982	49.0	host	00000000000000000000000000000000000000
30987	host	49.0	<none>
31054	host	49.0	c108000000000100
31061	49.0	host	00
31066	host	49.0	<none>
31078	host	49.0	c010000000001300
31091	49.0	host	00000000000000000000000000000000000000
31094	host	49.0	<none>
31163	host	49.0	c108000000000100
31172	49.0	host	00
31175	host	49.0	<none>
31183	host	49.0	c010000000001300
31194	49.0	host	00000000000000000000000000000000000000
31199	host	49.0	<none>
31246	host	49.0	c108000000000100
31255	49.0	host	00
31258	host	49.0	<none>
31269	host	49.0	c010000000001300
31280	49.0	host	00000000000000000000000000000000000000
31285	host	49.0	<none>
31324	host	49.0	c108000000000100
31331	49.0	host	00
31336	host	49.0	<none>
31351	host	49.0	c010000000001300
31364	49.0	host	00000000000000000000000000000000000000
31370	host	49.0	<none>
31423	host	49.0	c108000000000100
31430	49.0	host	00
31435	host	49.0	<none>
31444	host	49.0	c010000000001300
31457	49.0	host	00000000000000000000000000000000000000
31462	host	49.0	<none>
31497	host	49.0	c108000000000100
31504	49.0	host	00
31509	host	49.0	<none>
31520	host	49.0	c010000000001300
31533	49.0	host	00000000000000000000000000000000000000
31538	host	49.0	<none>
31555	host	49.0	c108000000000100
31564	49.0	host	00
31567	host	49.0	<none>
31578	host	49.0	c010000000001300
31589	49.0	host	00000000000000000000000000000000000000
31594	host	49.0	<none>
31625	host	49.0	c108000000000100
31634	49.0	host	00
31639	host	49.0	<none>
31658	host	49.0	c010000000001300
31669	49.0	host	00000000000000000000000000000000000000
31674	host	49.0	<none>
31689	host	49.0	c108000000000100
31698	49.0	host	00
31703	host	49.0	<none>
31712	host	49.0	c010000000001300
31725	49.0	host	00000000000000000000000000000000000000
31730	host	49.0	<none>
31755	host	49.0	c108000000000100
31764	49.0	host	00
31769	host	49.0	<none>
31780	host	49.0	c010000000001300
31793	49.0	host	00000000000000000000000000000000000000
31798	host	49.0	<none>
31813	host	49.0	c108000000000100
31820	49.0	host	00
31825	host	49.0	<none>
31838	host	49.0	c010000000001300
31849	49.0	host	00000000000000000000000000000000000000
31854	host	49.0	<none>
31877	host	49.0	c108000000000100
31886	49.0	host	00
31891	host	49.0	<none>
31900	host	49.0	c010000000001300
31913	49.0	host	00000000000000000000000000000000000000
31918	host	49.0	<none>
31945	host	49.0	c108000000000100
31952	49.0	host	00
31957	host	49.0	<none>
31968	host	49.0	c010000000001300
31979	49.0	host	00000000000000000000000000000000000000
31984	host	49.0	<none>
32029	host	49.0	c108000000000100
32036	49.0	host	00
32039	host	49.0	<none>
32050	host	49.0	c010000000001300
32061	49.0	host	00000000000000000000000000000000000000
32066	host	49.0	<none>
32107	host	49.0	c108000000000100
32114	49.0	host	00
32119	host	49.0	<none>
32129	host	49.0	c010000000001300
32140	49.0	host	00000000000000000000000000000000000000
32145	host	49.0	<none>
32204	host	49.0	c108000000000100
32211	49.0	host	00
32216	host	49.0	<none>
32229	host	49.0	c010000000001300
32242	49.0	host	00000000000000000000000000000000000000
32248	host	49.0	<none>
32317	host	49.0	c108000000000100
32326	49.0	host	00
32329	host	49.0	<none>
32353	host	49.0	c010000000001300
32364	49.0	host	00000000000000000000000000000000000000
32369	host	49.0	<none>
32412	host	49.0	c108000000000100
32419	49.0	host	00
32424	host	49.0	<none>
32433	host	49.0	c010000000001300
32446	49.0	host	00000000000000000000000000000000000000
32451	host	49.0	<none>
32480	host	49.0	c108000000000100
32487	49.0	host	00
32492	host	49.0	<none>
32507	host	49.0	c010000000001300
32518	49.0	host	00000000000000000000000000000000000000
32523	host	49.0	<none>
32548	host	49.0	c108000000000100
32555	49.0	host	00
32560	host	49.0	<none>
32573	host	49.0	c010000000001300
32586	49.0	host	00000000000000000000000000000000000000
32591	host	49.0	<none>
32614	host	49.0	c108000000000100
32621	49.0	host	00
32626	host	49.0	<none>
32635	host	49.0	c010000000001300
32646	49.0	host	00000000000000000000000000000000000000
32651	host	49.0	<none>
32696	host	49.0	c108000000000100
32703	49.0	host	00
32708	host	49.0	<none>
32716	host	49.0	c010000000001300
32729	49.0	host	00000000000000000000000000000000000000
32734	host	49.0	<none>
32793	host	49.0	c108000000000100
32800	49.0	host	00
32805	host	49.0	<none>
32814	host	49.0	c010000000001300
32827	49.0	host	00000000000000000000000000000000000000
32832	host	49.0	<none>
32863	host	49.0	c108000000000100
32870	49.0	host	00
32875	host	49.0	<none>
32888	host	49.0	c010000000001300
32896	49.0	host	00000000000000000000000000000000000000
32899	host	49.0	<none>
32960	host	49.0	c108000000000100
32967	49.0	host	00
32972	host	49.0	<none>
32981	host	49.0	c010000000001300
32994	49.0	host	00000000000000000000000000000000000000
32997	host	49.0	<none>
33038	host	49.0	c108000000000100
33047	49.0	host	00
33050	host	49.0	<none>
33059	host	49.0	c010000000001300
33069	49.0	host	00000000000000000000000000000000000000
33074	host	49.0	<none>
33139	host	49.0	c108000000000100
33148	49.0	host	00
33153	host	49.0	<none>
33175	host	49.0	c010000000001300
33186	49.0	host	00000000000000000000000000000000000000
33191	host	49.0	<none>
33250	host	49.0	c108000000000100
33257	49.0	host	00
33262	host	49.0	<none>
33279	host	49.0	c010000000001300
33287	49.0	host	00000000000000000000000000000000000000
33292	host	49.0	<none>
33353	host	49.0	c108000000000100
33360	49.0	host	00
33365	host	49.0	<none>
33378	host	49.0	c010000000001300
33389	49.0	host	00000000000000000000000000000000000000
33394	host	49.0	<none>
33419	host	49.0	c108000000000100
33428	49.0	host	00
33433	host	49.0	<none>
33446	host	49.0	c010000000001300
33457	49.0	host	00000000000000000000000000000000000000
33462	host	49.0	<none>
33493	host	49.0	c108000000000100
33500	49.0	host	00
33505	host	49.0	<none>
33557	host	49.0	c010000000001300
33570	49.0	host	00000000000000000000000000000000000000
33573	host	49.0	<none>
33598	host	49.0	c108000000000100
33605	49.0	host	00
33610	host	49.0	<none>
33621	host	49.0	c010000000001300
33632	49.0	host	00000000000000000000000000000000000000
33637	host	49.0	<none>
33666	host	49.0	c108000000000100
33673	49.0	host	00
33678	host	49.0	<none>
33689	host	49.0	c010000000001300
33702	49.0	host	00000000000000000000000000000000000000
33707	host	49.0	<none>
33728	host	49.0	c108000000000100
33735	49.0	host	00
33740	host	49.0	<none>
33749	host	49.0	c010000000001300
33758	49.0	host	00000000000000000000000000000000000000
33763	host	49.0	<none>
33796	host	49.0	c108000000000100
33803	49.0	host	00
33806	host	49.0	<none>
33821	host	49.0	c010000000001300
33834	49.0	host	00000000000000000000000000000000000000
33840	host	49.0	<none>
33915	host	49.0	c108000000000100
33922	49.0	host	00
33927	host	49.0	<none>
33939	host	49.0	c010000000001300
33952	49.0	host	00000000000000000000000000000000000000
33957	host	49.0	<none>
34022	host	49.0	c108000000000100
34029	49.0	host	00
34034	host	49.0	<none>
34044	host	49.0	c010000000001300
34057	49.0	host	00000000000000000000000000000000000000
34062	host	49.0	<none>
34125	host	49.0	c108000000000100
34132	49.0	host	00
34137	host	49.0	<none>
34148	host	49.0	c010000000001300
34160	49.0	host	00000000000000000000000000000000000000
34165	host	49.0	<none>
34244	host	49.0	c108000000000100
34253	49.0	host	00
34256	host	49.0	<none>
34266	host	49.0	c010000000001300
34277	49.0	host	00000000000000000000000000000000000000
34282	host	49.0	<none>
34331	host	49.0	c108000000000100
34338	49.0	host	00
34343	host	49.0	<none>
34356	host	49.0	c010000000001300
34367	49.0	host	00000000000000000000000000000000000000
34372	host	49.0	<none>
34399	host	49.0	c108000000000100
34406	49.0	host	00
34411	host	49.0	<none>
34426	host	49.0	c010000000001300
34435	49.0	host	00000000000000000000000000000000000000
34440	host	49.0	<none>
34461	host	49.0	c108000000000100
34468	49.0	host	00
34473	host	49.0	<none>
34482	host	49.0	c010000000001300
34493	49.0	host	00000000000000000000000000000000000000
34498	host	49.0	<none>
34533	host	49.0	c108000000000100
34540	49.0	host	00
34545	host	49.0	<none>
34564	host	49.0	c010000000001300
34576	49.0	host	00000000000000000000000000000000000000
34581	host	49.0	<none>
34662	host	49.0	c108000000000100
34669	49.0	host	00
34675	host	49.0	<none>
34686	host	49.0	c010000000001300
34697	49.0	host	00000000000000000000000000000000000000
34702	host	49.0	<none>
34773	host	49.0	c108000000000100
34783	49.0	host	00
34786	host	49.0	<none>
34799	host	49.0	c010000000001300
34810	49.0	host	00000000000000000000000000000000000000
34815	host	49.0	<none>
34884	host	49.0	c108000000000100
34890	49.0	host	00
34895	host	49.0	<none>
34906	host	49.0	c010000000001300
34921	49.0	host	00000000000000000000000000000000000000
34926	host	49.0	<none>
34989	host	49.0	c108000000000100
34996	49.0	host	00
35002	host	49.0	<none>
35017	host	49.0	c010000000001300
35028	49.0	host	00000000000000000000000000000000000000
35033	host	49.0	<none>
35100	host	49.0	c108000000000100
35110	49.0	host	00
35113	host	49.0	<none>
35122	host	49.0	c010000000001300
35135	49.0	host	00000000000000000000000000000000000000
35140	host	49.0	<none>
35203	host	49.0	c108000000000100
35210	49.0	host	00
35215	host	49.0	<none>
35227	host	49.0	c010000000001300
35236	49.0	host	00000000000000000000000000000000000000
35241	host	49.0	<none>
35316	host	49.0	c108000000000100
35323	49.0	host	00
35329	host	49.0	<none>
35338	host	49.0	c010000000001300
35351	49.0	host	00000000000000000000000000000000000000
35356	host	49.0	<none>
35387	host	49.0	c108000000000100
35392	49.0	host	00
35397	host	49.0	<none>
35416	host	49.0	c010000000001300
35425	49.0	host	00000000000000000000000000000000000000
35430	host	49.0	<none>
35483	host	49.0	c108000000000100
35492	49.0	host	00
35495	host	49.0	<none>
35505	host	49.0	c010000000001300
35518	49.0	host	00000000000000000000000000000000000000
35523	host	49.0	<none>
35592	host	49.0	c108000000000100
35599	49.0	host	00
35604	host	49.0	<none>
35614	host	49.0	c010000000001300
35627	49.0	host	00000000000000000000000000000000000000
35632	host	49.0	<none>
35705	host	49.0	c108000000000100
35712	49.0	host	00
35717	host	49.0	<none>
35731	host	49.0	c010000000001300
35744	49.0	host	00000000000000000000000000000000000000
35749	host	49.0	<none>
35810	host	49.0	c108000000000100
35817	49.0	host	00
35822	host	49.0	<none>
35834	host	49.0	c010000000001300
35843	49.0	host	00000000000000000000000000000000000000
35848	host	49.0	<none>
35927	host	49.0	c108000000000100
35933	49.0	host	00
35936	host	49.0	<none>
35955	host	49.0	c010000000001300
35966	49.0	host	00000000000000000000000000000000000000
35969	host	49.0	<none>
36032	host	49.0	c108000000000100
36040	49.0	host	00
36045	host	49.0	<none>
36056	host	49.0	c010000000001300
36065	49.0	host	00000000000000000000000000000000000000
36070	host	49.0	<none>
36143	host	49.0	c108000000000100
36149	49.0	host	00
36154	host	49.0	<none>
36169	host	49.0	c010000000001300
36178	49.0	host	00000000000000000000000000000000000000
36183	host	49.0	<none>
36220	host	49.0	c108000000000100
36227	49.0	host	00
36232	host	49.0	<none>
36241	host	49.0	c010000000001300
36252	49.0	host	00000000000000000000000000000000000000
36255	host	49.0	<none>
36276	host	49.0	c108000000000100
36283	49.0	host	00
36286	host	49.0	<none>
36366	host	49.0	c010000000001300
36376	49.0	host	00000000000000000000000000000000000000
36381	host	49.0	<none>
36426	host	49.0	c108000000000100
36433	49.0	host	00
36438	host	49.0	<none>
36453	host	49.0	c010000000001300
36462	49.0	host	00000000000000000000000000000000000000
36465	host	49.0	<none>
36530	host	49.0	c108000000000100
36538	49.0	host	00
36541	host	49.0	<none>
36554	host	49.0	c010000000001300
36565	49.0	host	00000000000000000000000000000000000000
36570	host	49.0	<none>
36637	host	49.0	c108000000000100
36644	49.0	host	00
36650	host	49.0	<none>
36661	host	49.0	c010000000001300
36668	49.0	host	00000000000000000000000000000000000000
36673	host	49.0	<none>
36742	host	49.0	c108000000000100
36749	49.0	host	00
36752	host	49.0	<none>
36762	host	49.0	c010000000001300
36773	49.0	host	00000000000000000000000000000000000000
36778	host	49.0	<none>
36815	host	49.0	c108000000000100
36824	49.0	host	00
36827	host	49.0	<none>
36838	host	49.0	c010000000001300
36851	49.0	host	00000000000000000000000000000000000000
36856	host	49.0	<none>
36917	host	49.0	c108000000000100
36924	49.0	host	00
36930	host	49.0	<none>
36941	host	49.0	c010000000001300
36954	49.0	host	00000000000000000000000000000000000000
36959	host	49.0	<none>
36988	host	49.0	c108000000000100
36997	49.0	host	00
37002	host	49.0	<none>
37013	host	49.0	c010000000001300
37026	49.0	host	00000000000000000000000000000000000000
37031	host	49.0	<none>
37092	host	49.0	c108000000000100
37099	49.0	host	00
37104	host	49.0	<none>
37112	host	49.0	c010000000001300
37125	49.0	host	00000000000000000000000000000000000000
37130	host	49.0	<none>
37201	host	49.0	c108000000000100
37208	49.0	host	00
37214	host	49.0	<none>
37229	host	49.0	c010000000001300
37242	49.0	host	00000000000000000000000000000000000000
37247	host	49.0	<none>
37312	host	49.0	c108000000000100
37320	49.0	host	00
37325	host	49.0	<none>
37334	host	49.0	c010000000001300
37347	49.0	host	00000000000000000000000000000000000000
37352	host	49.0	<none>
37425	host	49.0	c108000000000100
37431	49.0	host	00
37434	host	49.0	<none>
37445	host	49.0	c010000000001300
37454	49.0	host	00000000000000000000000000000000000000
37457	host	49.0	<none>
37500	host	49.0	c108000000000100
37507	49.0	host	00
37512	host	49.0	<none>
37521	host	49.0	c010000000001300
37534	49.0	host	00000000000000000000000000000000000000
37539	host	49.0	<none>
37586	host	49.0	c108000000000100
37593	49.0	host	00
37598	host	49.0	<none>
37608	host	49.0	c010000000001300
37621	49.0	host	00000000000000000000000000000000000000
37626	host	49.0	<none>
37697	host	49.0	c108000000000100
37704	49.0	host	00
37709	host	49.0	<none>
37721	host	49.0	c010000000001300
37732	49.0	host	00000000000000000000000000000000000000
37737	host	49.0	<none>
37808	host	49.0	c108000000000100
37815	49.0	host	00
37821	host	49.0	<none>
37832	host	49.0	c010000000001300
37843	49.0	host	00000000000000000000000000000000000000
37848	host	49.0	<none>
37879	host	49.0	c108000000000100
37884	49.0	host	00
37889	host	49.0	<none>
37910	host	49.0	c010000000001300
37923	49.0	host	00000000000000000000000000000000000000
37928	host	49.0	<none>
37951	host	49.0	c108000000000100
37958	49.0	host	00
37963	host	49.0	<none>
37972	host	49.0	c010000000001300
37983	49.0	host	00000000000000000000000000000000000000
37988	host	49.0	<none>
38023	host	49.0	c108000000000100
38030	49.0	host	00
38035	host	49.0	<none>
38067	host	49.0	c010000000001300
38080	49.0	host	00000000000000000000000000000000000000
38085	host	49.0	<none>
38134	host	49.0	c108000000000100
38141	49.0	host	00
38146	host	49.0	<none>
38161	host	49.0	c010000000001300
38174	49.0	host	00000000000000000000000000000000000000
38179	host	49.0	<none>
38196	host	49.0	c108000000000100
38203	49.0	host	00
38208	host	49.0	<none>
38219	host	49.0	c010000000001300
38228	49.0	host	00000000000000000000000000000000000000
38233	host	49.0	<none>
38262	host	49.0	c108000000000100
38271	49.0	host	00
38274	host	49.0	<none>
38287	host	49.0	c010000000001300
38298	49.0	host	00000000000000000000000000000000000000
38303	host	49.0	<none>
38332	host	49.0	c108000000000100
38341	49.0	host	00
38346	host	49.0	<none>
38357	host	49.0	c010000000001300
38370	49.0	host	00000000000000000000000000000000000000
38375	host	49.0	<none>
38384	host	49.0	c108000000000100
38393	49.0	host	00
38396	host	49.0	<none>
38405	host	49.0	c010000000001300
38418	49.0	host	00000000000000000000000000000000000000
38421	host	49.0	<none>
38490	host	49.0	c108000000000100
38500	49.0	host	00
38503	host	49.0	<none>
38516	host	49.0	c010000000001300
38529	49.0	host	00000000000000000000000000000000000000
38534	host	49.0	<none>
38567	host	49.0	c108000000000100
38574	49.0	host	00
38579	host	49.0	<none>
38604	host	49.0	c010000000001300
38615	49.0	host	00000000000000000000000000000000000000
38618	host	49.0	<none>
38627	host	49.0	c108000000000100
38636	49.0	host	00
38639	host	49.0	<none>
38652	host	49.0	c010000000001300
38663	49.0	host	00000000000000000000000000000000000000
38668	host	49.0	<none>
38709	host	49.0	c108000000000100
38718	49.0	host	00
38721	host	49.0	<none>
38743	host	49.0	c010000000001300
38754	49.0	host	00000000000000000000000000000000000000
38759	host	49.0	<none>
38802	host	49.0	c108000000000100
38809	49.0	host	00
38814	host	49.0	<none>
38827	host	49.0	c010000000001300
38836	49.0	host	00000000000000000000000000000000000000
38841	host	49.0	<none>
38872	host	49.0	c108000000000100
38879	49.0	host	00
38884	host	49.0	<none>
38895	host	49.0	c010000000001300
38908	49.0	host	00000000000000000000000000000000000000
38913	host	49.0	<none>
38946	host	49.0	c108000000000100
38953	49.0	host	00
38958	host	49.0	<none>
38971	host	49.0	c010000000001300
38982	49.0	host	00000000000000000000000000000000000000
38987	host	49.0	<none>
39008	host	49.0	c108000000000100
39015	49.0	host	00
39020	host	49.0	<none>
39029	host	49.0	c010000000001300
39040	49.0	host	00000000000000000000000000000000000000
39045	host	49.0	<none>
39066	host	49.0	c108000000000100
39073	49.0	host	00
39078	host	49.0	<none>
39091	host	49.0	c010000000001300
39104	49.0	host	00000000000000000000000000000000000000
39107	host	49.0	<none>
39164	host	49.0	c108000000000100
39171	49.0	host	00
39176	host	49.0	<none>
39186	host	49.0	c010000000001300
39199	49.0	host	00000000000000000000000000000000000000
39204	host	49.0	<none>
39271	host	49.0	c108000000000100
39280	49.0	host	00
39283	host	49.0	<none>
39302	host	49.0	c010000000001300
39313	49.0	host	00000000000000000000000000000000000000
39318	host	49.0	<none>
39371	host	49.0	c108000000000100
39376	49.0	host	00
39379	host	49.0	<none>
39390	host	49.0	c010000000001300
39402	49.0	host	00000000000000000000000000000000000000
39407	host	49.0	<none>
39454	host	49.0	c108000000000100
39459	49.0	host	00
39462	host	49.0	<none>
39473	host	49.0	c010000000001300
39482	49.0	host	00000000000000000000000000000000000000
39485	host	49.0	<none>
39522	host	49.0	c108000000000100
39529	49.0	host	00
39534	host	49.0	<none>
39549	host	49.0	c010000000001300
39562	49.0	host	00000000000000000000000000000000000000
39567	host	49.0	<none>
39588	host	49.0	c108000000000100
39595	49.0	host	00
39600	host	49.0	<none>
39632	host	49.0	c010000000001300
39641	49.0	host	00000000000000000000000000000000000000
39646	host	49.0	<none>
39695	host	49.0	c108000000000100
39702	49.0	host	00
39707	host	49.0	<none>
39722	host	49.0	c010000000001300
39735	49.0	host	00000000000000000000000000000000000000
39740	host	49.0	<none>
39767	host	49.0	c108000000000100
39774	49.0	host	00
39779	host	49.0	<none>
39790	host	49.0	c010000000001300
39801	49.0	host	00000000000000000000000000000000000000
39806	host	49.0	<none>
39835	host	49.0	c108000000000100
39842	49.0	host	00
39847	host	49.0	<none>
39856	host	49.0	c010000000001300
39867	49.0	host	00000000000000000000000000000000000000
39872	host	49.0	<none>
39919	host	49.0	c108000000000100
39926	49.0	host	00
39931	host	49.0	<none>
39937	host	49.0	c010000000001300
39948	49.0	host	00000000000000000000000000000000000000
39953	host	49.0	<none>
39992	host	49.0	c108000000000100
40001	49.0	host	00
40006	host	49.0	<none>
40015	host	49.0	c010000000001300
40028	49.0	host	00000000000000000000000000000000000000
40033	host	49.0	<none>
40060	host	49.0	c108000000000100
40069	49.0	host	00
40074	host	49.0	<none>
40081	host	49.0	c010000000001300
40094	49.0	host	00000000000000000000000000000000000000
40099	host	49.0	<none>
40134	host	49.0	c108000000000100
40143	49.0	host	00
40148	host	49.0	<none>
40167	host	49.0	c010000000001300
40176	49.0	host	00000000000000000000000000000000000000
40181	host	49.0	<none>
40206	host	49.0	c108000000000100
40213	49.0	host	00
40218	host	49.0	<none>
40227	host	49.0	c010000000001300
40240	49.0	host	00000000000000000000000000000000000000
40245	host	49.0	<none>
40278	host	49.0	c108000000000100
40285	49.0	host	00
40290	host	49.0	<none>
40311	host	49.0	c010000000001300
40319	49.0	host	00000000000000000000000000000000000000
40324	host	49.0	<none>
40381	host	49.0	c108000000000100
40388	49.0	host	00
40393	host	49.0	<none>
40404	host	49.0	c010000000001300
40415	49.0	host	00000000000000000000000000000000000000
40420	host	49.0	<none>
40455	host	49.0	c108000000000100
40464	49.0	host	00
40469	host	49.0	<none>
40484	host	49.0	c010000000001300
40496	49.0	host	00000000000000000000000000000000000000
40501	host	49.0	<none>
40562	host	49.0	c108000000000100
40569	49.0	host	00
40574	host	49.0	<none>
40585	host	49.0	c010000000001300
40598	49.0	host	00000000000000000000000000000000000000
40603	host	49.0	<none>
40640	host	49.0	c108000000000100
40649	49.0	host	00
40654	host	49.0	<none>
40686	host	49.0	c010000000001300
40697	49.0	host	00000000000000000000000000000000000000
40702	host	49.0	<none>
40753	host	49.0	c108000000000100
40760	49.0	host	00
40765	host	49.0	<none>
40773	host	49.0	c010000000001300
40786	49.0	host	00000000000000000000000000000000000000
40791	host	49.0	<none>
40860	host	49.0	c108000000000100
40867	49.0	host	00
40872	host	49.0	<none>
40882	host	49.0	c010000000001300
40893	49.0	host	00000000000000000000000000000000000000
40898	host	49.0	<none>
40949	host	49.0	c108000000000100
40956	49.0	host	00
40961	host	49.0	<none>
40976	host	49.0	c010000000001300
40987	49.0	host	00000000000000000000000000000000000000
40992	host	49.0	<none>
41023	host	49.0	c108000000000100
41030	49.0	host	00
41035	host	49.0	<none>
41046	host	49.0	c010000000001300
41059	49.0	host	00000000000000000000000000000000000000
41062	host	49.0	<none>
41073	host	49.0	c108000000000100
41080	49.0	host	00
41085	host	49.0	<none>
41096	host	49.0	c010000000001300
41105	49.0	host	00000000000000000000000000000000000000
41110	host	49.0	<none>
41177	host	49.0	c108000000000100
41183	49.0	host	00
41186	host	49.0	<none>
41201	host	49.0	c010000000001300
41212	49.0	host	00000000000000000000000000000000000000
41217	host	49.0	<none>
41280	host	49.0	c108000000000100
41287	49.0	host	00
41292	host	49.0	<none>
41302	host	49.0	c010000000001300
41315	49.0	host	00000000000000000000000000000000000000
41318	host	49.0	<none>
41351	host	49.0	c108000000000100
41356	49.0	host	00
41361	host	49.0	<none>
41374	host	49.0	c010000000001300
41383	49.0	host	00000000000000000000000000000000000000
41388	host	49.0	<none>
41449	host	49.0	c108000000000100
41456	49.0	host	00
41461	host	49.0	<none>
41471	host	49.0	c010000000001300
41484	49.0	host	00000000000000000000000000000000000000
41489	host	49.0	<none>
41524	host	49.0	c108000000000100
41533	49.0	host	00
41536	host	49.0	<none>
41553	host	49.0	c010000000001300
41564	49.0	host	00000000000000000000000000000000000000
41569	host	49.0	<none>
41596	host	49.0	c108000000000100
41603	49.0	host	00
41608	host	49.0	<none>
41617	host	49.0	c010000000001300
41630	49.0	host	00000000000000000000000000000000000000
41635	host	49.0	<none>
41656	host	49.0	c108000000000100
41665	49.0	host	00
41670	host	49.0	<none>
41681	host	49.0	c010000000001300
41692	49.0	host	00000000000000000000000000000000000000
41697	host	49.0	<none>
41732	host	49.0	c108000000000100
41739	49.0	host	00
41744	host	49.0	<none>
41763	host	49.0	c010000000001300
41774	49.0	host	00000000000000000000000000000000000000
41779	host	49.0	<none>
41806	host	49.0	c108000000000100
41813	49.0	host	00
41818	host	49.0	<none>
41829	host	49.0	c010000000001300
41842	49.0	host	00000000000000000000000000000000000000
41847	host	49.0	<none>
41878	host	49.0	c108000000000100
41887	49.0	host	00
41890	host	49.0	<none>
41908	host	49.0	c010000000001300
41921	49.0	host	00000000000000000000000000000000000000
41926	host	49.0	<none>
41987	host	49.0	c108000000000100
41994	49.0	host	00
41999	host	49.0	<none>
42008	host	49.0	c010000000001300
42021	49.0	host	00000000000000000000000000000000000000
42027	host	49.0	<none>
42094	host	49.0	c108000000000100
42101	49.0	host	00
42106	host	49.0	<none>
42123	host	49.0	c010000000001300
42129	49.0	host	00000000000000000000000000000000000000
42134	host	49.0	<none>
42197	host	49.0	c108000000000100
42204	49.0	host	00
42209	host	49.0	<none>
42218	host	49.0	c010000000001300
42229	49.0	host	00000000000000000000000000000000000000
42234	host	49.0	<none>
42275	host	49.0	c108000000000100
42282	49.0	host	00
42287	host	49.0	<none>
42301	host	49.0	c010000000001300
42312	49.0	host	00000000000000000000000000000000000000
42317	host	49.0	<none>
42360	host	49.0	c108000000000100
42369	49.0	host	00
42372	host	49.0	<none>
42383	host	49.0	c010000000001300
42392	49.0	host	00000000000000000000000000000000000000
42397	host	49.0	<none>
42452	host	49.0	c108000000000100
42462	49.0	host	00
42467	host	49.0	<none>
42476	host	49.0	c010000000001300
42487	49.0	host	00000000000000000000000000000000000000
42492	host	49.0	<none>
42557	host	49.0	c108000000000100
42566	49.0	host	00
42569	host	49.0	<none>
42585	host	49.0	c010000000001300
42596	49.0	host	00000000000000000000000000000000000000
42601	host	49.0	<none>
42656	host	49.0	c108000000000100
42663	49.0	host	00
42668	host	49.0	<none>
42677	host	49.0	c010000000001300
42688	49.0	host	00000000000000000000000000000000000000
42693	host	49.0	<none>
42724	host	49.0	c108000000000100
42731	49.0	host	00
42736	host	49.0	<none>
42747	host	49.0	c010000000001300
42759	49.0	host	00000000000000000000000000000000000000
42764	host	49.0	<none>
42829	host	49.0	c108000000000100
42838	49.0	host	00
42841	host	49.0	<none>
42854	host	49.0	c010000000001300
42865	49.0	host	00000000000000000000000000000000000000
42871	host	49.0	<none>
42936	host	49.0	c108000000000100
42943	49.0	host	00
42948	host	49.0	<none>
42963	host	49.0	c010000000001300
42972	49.0	host	00000000000000000000000000000000000000
42977	host	49.0	<none>
43010	host	49.0	c108000000000100
43015	49.0	host	00
43020	host	49.0	<none>
43034	host	49.0	c010000000001300
43043	49.0	host	00000000000000000000000000000000000000
43048	host	49.0	<none>
43107	host	49.0	c108000000000100
43114	49.0	host	00
43119	host	49.0	<none>
43128	host	49.0	c010000000001300
43141	49.0	host	00000000000000000000000000000000000000
43146	host	49.0	<none>
43179	host	49.0	c108000000000100
43186	49.0	host	00
43191	host	49.0	<none>
43204	host	49.0	c010000000001300
43210	49.0	host	00000000000000000000000000000000000000
43215	host	49.0	<none>
43282	host	49.0	c108000000000100
43291	49.0	host	00
43294	host	49.0	<none>
43305	host	49.0	c010000000001300
43319	49.0	host	00000000000000000000000000000000000000
43324	host	49.0	<none>
43391	host	49.0	c108000000000100
43400	49.0	host	00
43403	host	49.0	<none>
43427	host	49.0	c010000000001300
43438	49.0	host	00000000000000000000000000000000000000
43443	host	49.0	<none>
43496	host	49.0	c108000000000100
43503	49.0	host	00
43508	host	49.0	<none>
43521	host	49.0	c010000000001300
43534	49.0	host	00000000000000000000000000000000000000
43540	host	49.0	<none>
43619	host	49.0	c108000000000100
43626	49.0	host	00
43631	host	49.0	<none>
43641	host	49.0	c010000000001300
43654	49.0	host	00000000000000000000000000000000000000
43659	host	49.0	<none>
43730	host	49.0	c108000000000100
43739	49.0	host	00
43744	host	49.0	<none>
43752	host	49.0	c010000000001300
43761	49.0	host	00000000000000000000000000000000000000
43766	host	49.0	<none>
43839	host	49.0	c108000000000100
43848	49.0	host	00
43851	host	49.0	<none>
43863	host	49.0	c010000000001300
43874	49.0	host	00000000000000000000000000000000000000
43879	host	49.0	<none>
43950	host	49.0	c108000000000100
43957	49.0	host	00
43962	host	49.0	<none>
43970	host	49.0	c010000000001300
43983	49.0	host	00000000000000000000000000000000000000
43988	host	49.0	<none>
44065	host	49.0	c108000000000100
44073	49.0	host	00
44076	host	49.0	<none>
44093	host	49.0	c010000000001300
44102	49.0	host	00000000000000000000000000000000000000
44107	host	49.0	<none>
44138	host	49.0	c108000000000100
44145	49.0	host	00
44150	host	49.0	<none>
44165	host	49.0	c010000000001300
44178	49.0	host	00000000000000000000000000000000000000
44183	host	49.0	<none>
44226	host	49.0	c108000000000100
44233	49.0	host	00
44238	host	49.0	<none>
44249	host	49.0	c010000000001300
44259	49.0	host	00000000000000000000000000000000000000
44264	host	49.0	<none>
44339	host	49.0	c108000000000100
44348	49.0	host	00
44351	host	49.0	<none>
44365	host	49.0	c010000000001300
44378	49.0	host	00000000000000000000000000000000000000
44383	host	49.0	<none>
44440	host	49.0	c108000000000100
44449	49.0	host	00
44452	host	49.0	<none>
44468	host	49.0	c010000000001300
44481	49.0	host	00000000000000000000000000000000000000
44486	host	49.0	<none>
44537	host	49.0	c108000000000100
44544	49.0	host	00
44547	host	49.0	<none>
44560	host	49.0	c010000000001300
44571	49.0	host	00000000000000000000000000000000000000
44576	host	49.0	<none>
44607	host	49.0	c108000000000100
44614	49.0	host	00
44619	host	49.0	<none>
44634	host	49.0	c010000000001300
44645	49.0	host	00000000000000000000000000000000000000
44650	host	49.0	<none>
44667	host	49.0	c108000000000100
44674	49.0	host	00
44679	host	49.0	<none>
44694	host	49.0	c010000000001300
44707	49.0	host	00000000000000000000000000000000000000
44712	host	49.0	<none>
44759	host	49.0	c108000000000100
44766	49.0	host	00
44771	host	49.0	<none>
44785	host	49.0	c010000000001300
44798	49.0	host	00000000000000000000000000000000000000
44803	host	49.0	<none>
44866	host	49.0	c108000000000100
44875	49.0	host	00
44878	host	49.0	<none>
44888	host	49.0	c010000000001300
44901	49.0	host	00000000000000000000000000000000000000
44906	host	49.0	<none>
44955	host	49.0	c108000000000100
44964	49.0	host	00
44969	host	49.0	<none>
44982	host	49.0	c010000000001300
44995	49.0	host	00000000000000000000000000000000000000
45000	host	49.0	<none>
45033	host	49.0	c108000000000100
45040	49.0	host	00
45045	host	49.0	<none>
45056	host	49.0	c010000000001300
45069	49.0	host	00000000000000000000000000000000000000
45075	host	49.0	<none>
45142	host	49.0	c108000000000100
45151	49.0	host	00
45154	host	49.0	<none>
45165	host	49.0	c010000000001300
45177	49.0	host	00000000000000000000000000000000000000
45182	host	49.0	<none>
45251	host	49.0	c108000000000100
45258	49.0	host	00
45263	host	49.0	<none>
45283	host	49.0	c010000000001300
45292	49.0	host	00000000000000000000000000000000000000
45297	host	49.0	<none>
45368	host	49.0	c108000000000100
45377	49.0	host	00
45380	host	49.0	<none>
45394	host	49.0	c010000000001300
45407	49.0	host	00000000000000000000000000000000000000
45412	host	49.0	<none>
45457	host	49.0	c108000000000100
45464	49.0	host	00
45469	host	49.0	<none>
45482	host	49.0	c010000000001300
45493	49.0	host	00000000000000000000000000000000000000
45498	host	49.0	<none>
45541	host	49.0	c108000000000100
45550	49.0	host	00
45553	host	49.0	<none>
45563	host	49.0	c010000000001300
45576	49.0	host	00000000000000000000000000000000000000
45581	host	49.0	<none>
45620	host	49.0	c108000000000100
45627	49.0	host	00
45632	host	49.0	<none>
45643	host	49.0	c010000000001300
45656	49.0	host	00000000000000000000000000000000000000
45661	host	49.0	<none>
45696	host	49.0	c108000000000100
45703	49.0	host	00
45708	host	49.0	<none>
45719	host	49.0	c010000000001300
45732	49.0	host	00000000000000000000000000000000000000
45737	host	49.0	<none>
45760	host	49.0	c108000000000100
45769	49.0	host	00
45774	host	49.0	<none>
45783	host	49.0	c010000000001300
45796	49.0	host	00000000000000000000000000000000000000
45801	host	49.0	<none>
45844	host	49.0	c108000000000100
45851	49.0	host	00
45856	host	49.0	<none>
45867	host	49.0	c010000000001300
45877	49.0	host	00000000000000000000000000000000000000
45882	host	49.0	<none>
45955	host	49.0	c108000000000100
45962	49.0	host	00
45967	host	49.0	<none>
45979	host	49.0	c010000000001300
45992	49.0	host	00000000000000000000000000000000000000
45997	host	49.0	<none>
46062	host	49.0	c108000000000100
46069	49.0	host	00
46074	host	49.0	<none>
46088	host	49.0	c010000000001300
46101	49.0	host	00000000000000000000000000000000000000
46106	host	49.0	<none>
46173	host	49.0	c108000000000100
46182	49.0	host	00
46185	host	49.0	<none>
46201	host	49.0	c010000000001300
46212	49.0	host	00000000000000000000000000000000000000
46217	host	49.0	<none>
46280	host	49.0	c108000000000100
46287	49.0	host	00
46292	host	49.0	<none>
46301	host	49.0	c010000000001300
46309	49.0	host	00000000000000000000000000000000000000
46314	host	49.0	<none>
46387	host	49.0	c108000000000100
46396	49.0	host	00
46399	host	49.0	<none>
46411	host	49.0	c010000000001300
46424	49.0	host	00000000000000000000000000000000000000
46429	host	49.0	<none>
46500	host	49.0	c108000000000100
46507	49.0	host	00
46512	host	49.0	<none>
46524	host	49.0	c010000000001300
46537	49.0	host	00000000000000000000000000000000000000
46542	host	49.0	<none>
46603	host	49.0	c108000000000100
46610	49.0	host	00
46615	host	49.0	<none>
46624	host	49.0	c010000000001300
46634	49.0	host	00000000000000000000000000000000000000
46639	host	49.0	<none>
46682	host	49.0	c108000000000100
46691	49.0	host	00
46696	host	49.0	<none>
46705	host	49.0	c010000000001300
46720	49.0	host	00000000000000000000000000000000000000
46725	host	49.0	<none>
46758	host	49.0	c108000000000100
46767	49.0	host	00
46770	host	49.0	<none>
46791	host	49.0	c010000000001300
46804	49.0	host	00000000000000000000000000000000000000
46809	host	49.0	<none>
46824	host	49.0	c108000000000100
46831	49.0	host	00
46836	host	49.0	<none>
46853	host	49.0	c010000000001300
46862	49.0	host	00000000000000000000000000000000000000
46867	host	49.0	<none>
46900	host	49.0	c108000000000100
46907	49.0	host	00
46912	host	49.0	<none>
46929	host	49.0	c010000000001300
46940	49.0	host	00000000000000000000000000000000000000
46946	host	49.0	<none>
46999	host	49.0	c108000000000100
47008	49.0	host	00
47011	host	49.0	<none>
47024	host	49.0	c010000000001300
47035	49.0	host	00000000000000000000000000000000000000
47040	host	49.0	<none>
47075	host	49.0	c108000000000100
47080	49.0	host	00
47083	host	49.0	<none>
47094	host	49.0	c010000000001300
47103	49.0	host	00000000000000000000000000000000000000
47108	host	49.0	<none>
47141	host	49.0	c108000000000100
47150	49.0	host	00
47155	host	49.0	<none>
47164	host	49.0	c010000000001300
47177	49.0	host	00000000000000000000000000000000000000
47180	host	49.0	<none>
47227	host	49.0	c108000000000100
47235	49.0	host	00
47238	host	49.0	<none>
47247	host	49.0	c010000000001300
47260	49.0	host	00000000000000000000000000000000000000
47265	host	49.0	<none>
