59	c108000000000100
71	<none>
86	c010000000001300
100	<none>
123	c108000000000100
135	<none>
148	c010000000001300
162	<none>
185	c108000000000100
197	<none>
208	c010000000001300
224	<none>
259	c108000000000100
271	<none>
290	c010000000001300
303	<none>
358	c108000000000100
368	<none>
383	c010000000001300
399	<none>
420	c108000000000100
432	<none>
443	c010000000001300
459	<none>
474	c108000000000100
486	<none>
495	c010000000001300
507	<none>
536	c108000000000100
546	<none>
594	c010000000001300
610	<none>
649	c108000000000100
661	<none>
676	c010000000001300
690	<none>
715	c108000000000100
727	<none>
738	c010000000001300
756	<none>
775	c108000000000100
787	<none>
796	c010000000001300
808	<none>
863	c108000000000100
875	<none>
891	c010000000001300
907	<none>
962	c108000000000100
974	<none>
987	c010000000001300
1003	<none>
1012	c108000000000100
1026	<none>
1039	c010000000001300
1055	<none>
1080	c108000000000100
1092	<none>
1105	c010000000001300
1121	<none>
1168	c108000000000100
1180	<none>
1189	c010000000001300
1208	<none>
1279	c108000000000100
1291	<none>
1300	c010000000001300
1317	<none>
1390	c108000000000100
1402	<none>
1414	c010000000001300
1428	<none>
1491	c108000000000100
1503	<none>
1514	c010000000001300
1531	<none>
1598	c108000000000100
1612	<none>
1621	c010000000001300
1639	<none>
1676	c108000000000100
1690	<none>
1700	c010000000001300
1718	<none>
1779	c108000000000100
1791	<none>
1809	c010000000001300
1823	<none>
1886	c108000000000100
1900	<none>
1914	c010000000001300
1932	<none>
1999	c108000000000100
2011	<none>
2020	c010000000001300
2037	<none>
2084	c108000000000100
2096	<none>
2105	c010000000001300
2123	<none>
2166	c108000000000100
2178	<none>
2193	c010000000001300
2209	<none>
2238	c108000000000100
2250	<none>
2263	c010000000001300
2282	<none>
2351	c108000000000100
2363	<none>
2372	c010000000001300
2389	<none>
2474	c108000000000100
2487	<none>
2508	c010000000001300
2522	<none>
2577	c108000000000100
2589	<none>
2601	c010000000001300
2615	<none>
2656	c108000000000100
2668	<none>
2679	c010000000001300
2693	<none>
2728	c108000000000100
2740	<none>
2749	c010000000001300
2769	<none>
2794	c108000000000100
2806	<none>
2819	c010000000001300
2835	<none>
2862	c108000000000100
2874	<none>
2889	c010000000001300
2907	<none>
2928	c108000000000100
2940	<none>
2949	c010000000001300
2967	<none>
3002	c108000000000100
3016	<none>
3027	c010000000001300
3046	<none>
3121	c108000000000100
3135	<none>
3145	c010000000001300
3159	<none>
3228	c108000000000100
3240	<none>
3278	c010000000001300
3294	<none>
3337	c108000000000100
3349	<none>
3383	c010000000001300
3395	<none>
3460	c108000000000100
3471	<none>
3482	c010000000001300
3498	<none>
3543	c108000000000100
3555	<none>
3564	c010000000001300
3582	<none>
3611	c108000000000100
3623	<none>
3634	c010000000001300
3650	<none>
3677	c108000000000100
3689	<none>
3706	c010000000001300
3720	<none>
3739	c108000000000100
3751	<none>
3760	c010000000001300
3778	<none>
3797	c108000000000100
3809	<none>
3832	c010000000001300
3846	<none>
3871	c108000000000100
3883	<none>
3896	c010000000001300
3914	<none>
3929	c108000000000100
3941	<none>
3958	c010000000001300
3974	<none>
3997	c108000000000100
4011	<none>
4022	c010000000001300
4038	<none>
4083	c108000000000100
4095	<none>
4106	c010000000001300
4119	<none>
4184	c108000000000100
4196	<none>
4205	c010000000001300
4219	<none>
4250	c108000000000100
4262	<none>
4277	c010000000001300
4292	<none>
4351	c108000000000100
4363	<none>
4376	c010000000001300
4390	<none>
4425	c108000000000100
4437	<none>
4463	c010000000001300
4481	<none>
4528	c108000000000100
4540	<none>
4551	c010000000001300
4569	<none>
4606	c108000000000100
4618	<none>
4632	c010000000001300
4650	<none>
4715	c108000000000100
4727	<none>
4738	c010000000001300
4751	<none>
4832	c108000000000100
4845	<none>
4864	c010000000001300
4880	<none>
4921	c108000000000100
4933	<none>
4946	c010000000001300
4962	<none>
4979	c108000000000100
4991	<none>
5002	c010000000001300
5018	<none>
5043	c108000000000100
5055	<none>
5066	c010000000001300
5082	<none>
5107	c108000000000100
5119	<none>
5165	c010000000001300
5181	<none>
5226	c108000000000100
5240	<none>
5249	c010000000001300
5265	<none>
5294	c108000000000100
5306	<none>
5319	c010000000001300
5337	<none>
5372	c108000000000100
5384	<none>
5404	c010000000001300
5420	<none>
5469	c108000000000100
5481	<none>
5492	c010000000001300
5510	<none>
5535	c108000000000100
5547	<none>
5558	c010000000001300
5574	<none>
5603	c108000000000100
5615	<none>
5626	c010000000001300
5644	<none>
5669	c108000000000100
5681	<none>
5698	c010000000001300
5713	<none>
5768	c108000000000100
5780	<none>
5791	c010000000001300
5809	<none>
5830	c108000000000100
5840	<none>
5853	c010000000001300
5869	<none>
5894	c108000000000100
5908	<none>
5921	c010000000001300
5937	<none>
5982	c108000000000100
5996	<none>
6007	c010000000001300
6018	<none>
6069	c108000000000100
6081	<none>
6106	c010000000001300
6122	<none>
6141	c108000000000100
6153	<none>
6168	c010000000001300
6186	<none>
6197	c108000000000100
6209	<none>
6218	c010000000001300
6236	<none>
6281	c108000000000100
6293	<none>
6304	c010000000001300
6320	<none>
6361	c108000000000100
6373	<none>
6385	c010000000001300
6403	<none>
6472	c108000000000100
6484	<none>
6494	c010000000001300
6512	<none>
6575	c108000000000100
6587	<none>
6599	c010000000001300
6617	<none>
6666	c108000000000100
6678	<none>
6695	c010000000001300
6713	<none>
6730	c108000000000100
6742	<none>
6753	c010000000001300
6767	<none>
6796	c108000000000100
6808	<none>
6817	c010000000001300
6835	<none>
6850	c108000000000100
6864	<none>
6873	c010000000001300
6889	<none>
6916	c108000000000100
6930	<none>
6943	c010000000001300
6961	<none>
6984	c108000000000100
6998	<none>
7009	c010000000001300
7023	<none>
7056	c108000000000100
7068	<none>
7079	c010000000001300
7095	<none>
7154	c108000000000100
7167	<none>
7180	c010000000001300
7198	<none>
7237	c108000000000100
7249	<none>
7260	c010000000001300
7278	<none>
7327	c108000000000100
7340	<none>
7349	c010000000001300
7367	<none>
7400	c108000000000100
7412	<none>
7445	c010000000001300
7461	<none>
7506	c108000000000100
7519	<none>
7532	c010000000001300
7546	<none>
7611	c108000000000100
7623	<none>
7633	c010000000001300
7649	<none>
7706	c108000000000100
7718	<none>
7727	c010000000001300
7743	<none>
7778	c108000000000100
7790	<none>
7802	c010000000001300
7820	<none>
7869	c108000000000100
7881	<none>
7898	c010000000001300
7912	<none>
7927	c108000000000100
7939	<none>
7948	c010000000001300
7964	<none>
7993	c108000000000100
8007	<none>
8018	c010000000001300
8034	<none>
8071	c108000000000100
8083	<none>
8106	c010000000001300
8119	<none>
8178	c108000000000100
8190	<none>
8199	c010000000001300
8217	<none>
8236	c108000000000100
8246	<none>
8257	c010000000001300
8273	<none>
8316	c108000000000100
8328	<none>
8344	c010000000001300
8360	<none>
8399	c108000000000100
8413	<none>
8424	c010000000001300
8442	<none>
8493	c108000000000100
8507	<none>
8516	c010000000001300
8527	<none>
8574	c108000000000100
8586	<none>
8599	c010000000001300
8613	<none>
8646	c108000000000100
8658	<none>
8671	c010000000001300
8687	<none>
8708	c108000000000100
8720	<none>
8733	c010000000001300
8749	<none>
8774	c108000000000100
8786	<none>
8799	c010000000001300
8817	<none>
8842	c108000000000100
8854	<none>
8865	c010000000001300
8881	<none>
8906	c108000000000100
8918	<none>
8927	c010000000001300
8941	<none>
8990	c108000000000100
9002	<none>
9011	c010000000001300
9030	<none>
9101	c108000000000100
9113	<none>
9124	c010000000001300
9135	<none>
9210	c108000000000100
9222	<none>
9240	c010000000001300
9258	<none>
9329	c108000000000100
9338	<none>
9349	c010000000001300
9365	<none>
9410	c108000000000100
9424	<none>
9431	c010000000001300
9449	<none>
9476	c108000000000100
9488	<none>
9511	c010000000001300
9524	<none>
9577	c108000000000100
9589	<none>
9598	c010000000001300
9614	<none>
9639	c108000000000100
9653	<none>
9662	c010000000001300
9674	<none>
9709	c108000000000100
9721	<none>
9732	c010000000001300
9750	<none>
9773	c108000000000100
9787	<none>
9802	c010000000001300
9820	<none>
9845	c108000000000100
9857	<none>
9868	c010000000001300
9886	<none>
9925	c108000000000100
9937	<none>
9946	c010000000001300
9961	<none>
10004	c108000000000100
10018	<none>
10035	c010000000001300
10053	<none>
10104	c108000000000100
10116	<none>
10124	c010000000001300
10142	<none>
10185	c108000000000100
10197	<none>
10210	c010000000001300
10228	<none>
10263	c108000000000100
10277	<none>
10286	c010000000001300
10302	<none>
10339	c108000000000100
10351	<none>
10363	c010000000001300
10379	<none>
10454	c108000000000100
10464	<none>
10476	c010000000001300
10494	<none>
10525	c108000000000100
10539	<none>
10548	c010000000001300
10562	<none>
10621	c108000000000100
10633	<none>
10645	c010000000001300
10663	<none>
10736	c108000000000100
10750	<none>
10766	c010000000001300
10786	<none>
10845	c108000000000100
10857	<none>
10869	c010000000001300
10885	<none>
10920	c108000000000100
10934	<none>
10943	c010000000001300
10959	<none>
11004	c108000000000100
11016	<none>
11029	c010000000001300
11047	<none>
11058	c108000000000100
11070	<none>
11085	c010000000001300
11103	<none>
11140	c108000000000100
11152	<none>
11159	c010000000001300
11173	<none>
11222	c108000000000100
11234	<none>
11248	c010000000001300
11266	<none>
11329	c108000000000100
11343	<none>
11355	c010000000001300
11371	<none>
11424	c108000000000100
11436	<none>
11445	c010000000001300
11459	<none>
11500	c108000000000100
11514	<none>
11532	c010000000001300
11546	<none>
11609	c108000000000100
11621	<none>
11632	c010000000001300
11645	<none>
11720	c108000000000100
11732	<none>
11740	c010000000001300
11756	<none>
11827	c108000000000100
11839	<none>
11881	c010000000001300
11899	<none>
11906	c108000000000100
11920	<none>
11931	c010000000001300
11949	<none>
11978	c108000000000100
11990	<none>
12003	c010000000001300
12019	<none>
12078	c108000000000100
12093	<none>
12100	c010000000001300
12118	<none>
12183	c108000000000100
12195	<none>
12213	c010000000001300
12231	<none>
12262	c108000000000100
12274	<none>
12289	c010000000001300
12303	<none>
12354	c108000000000100
12366	<none>
12376	c010000000001300
12392	<none>
12457	c108000000000100
12469	<none>
12483	c010000000001300
12501	<none>
12544	c108000000000100
12554	<none>
12565	c010000000001300
12581	<none>
12628	c108000000000100
12640	<none>
12649	c010000000001300
12668	<none>
12739	c108000000000100
12751	<none>
12767	c010000000001300
12785	<none>
12836	c108000000000100
12848	<none>
12859	c010000000001300
12873	<none>
12920	c108000000000100
12932	<none>
12938	c010000000001300
12956	<none>
13017	c108000000000100
13029	<none>
13044	c010000000001300
13059	<none>
13128	c108000000000100
13140	<none>
13149	c010000000001300
13166	<none>
13243	c108000000000100
13255	<none>
13265	c010000000001300
13279	<none>
13338	c108000000000100
13350	<none>
13378	c010000000001300
13394	<none>
13437	c108000000000100
13449	<none>
13460	c010000000001300
13476	<none>
13493	c108000000000100
13505	<none>
13524	c010000000001300
13540	<none>
13591	c108000000000100
13603	<none>
13613	c010000000001300
13631	<none>
13706	c108000000000100
13719	<none>
13732	c010000000001300
13748	<none>
13805	c108000000000100
13817	<none>
13828	c010000000001300
13843	<none>
13914	c108000000000100
13926	<none>
13942	c010000000001300
13960	<none>
14009	c108000000000100
14021	<none>
14032	c010000000001300
14048	<none>
14101	c108000000000100
14114	<none>
14123	c010000000001300
14141	<none>
14208	c108000000000100
14223	<none>
14244	c010000000001300
14260	<none>
14303	c108000000000100
14315	<none>
14326	c010000000001300
14345	<none>
14390	c108000000000100
14398	<none>
14407	c010000000001300
14423	<none>
14480	c108000000000100
14492	<none>
14508	c010000000001300
14526	<none>
14567	c108000000000100
14579	<none>
14588	c010000000001300
14606	<none>
14659	c108000000000100
14671	<none>
14679	c010000000001300
14697	<none>
14760	c108000000000100
14772	<none>
14783	c010000000001300
14800	<none>
14873	c108000000000100
14885	<none>
14898	c010000000001300
14911	<none>
14956	c108000000000100
14968	<none>
14979	c010000000001300
14997	<none>
15048	c108000000000100
15062	<none>
15078	c010000000001300
15094	<none>
15139	c108000000000100
15151	<none>
15164	c010000000001300
15182	<none>
15207	c108000000000100
15219	<none>
15230	c010000000001300
15246	<none>
15299	c108000000000100
15312	<none>
15329	c010000000001300
15343	<none>
15388	411e000000000400
15391	00c20100
15396	00c20100
15420	4107000200000000
15435	c108000000000100
15447	<none>
15454	c010000000001300
15470	<none>
15479	4107000100000000
15495	c108000000000100
15507	<none>
15517	c010000000001300
15533	<none>
15540	4103000800000000
15556	4119000000000600
15561	000000001113
15564	000000001113
15584	4113000000001000
15587	00000000000000000080000000200000
15612	4107000100000000
15630	c010000000001300
15646	<none>
15655	4100000000000000
15690	4100010000000000
15718	c108000000000100
15730	<none>
15737	c010000000001300
15754	<none>
15767	4103000800000000
15785	4113000000001000
15788	00000000000000000080000000200000
15812	4119000000000600
15815	000000001113
15820	000000001113
15837	411e000000000400
15842	00c20100
15847	00c20100
15873	4107000100000000
15891	c010000000001300
15910	<none>
15917	4100000000000000
15943	4100010000000000
15959	c108000000000100
15971	<none>
15977	c010000000001300
15993	<none>
16002	4103000800000000
16020	4113000000001000
16023	00000000000000000080000000200000
16028	00000000000000000080000000200000
16048	4119000000000600
16053	000000001113
16058	000000001113
16073	411e000000000400
16078	00c20100
16081	00c20100
16105	411e000000000400
16110	80250000
16113	80250000
16135	4107000200000000
16150	c108000000000100
16164	<none>
16171	c010000000001300
16185	<none>
16192	4107000100000000
16208	4103000800000000
16222	c108000000000100
16236	<none>
16242	c010000000001300
16256	<none>
16263	4119000000000600
16266	000000001113
16271	000000001113
16289	4113000000001000
16292	00000000000000000080000000200000
16297	00000000000000000080000000200000
16326	411e000000000400
16331	80250000
16334	80250000
16362	4107000200000000
16376	4107000100000000
16392	c108000000000100
16405	<none>
16412	c010000000001300
16428	<none>
16435	4103000800000000
16449	c108000000000100
16461	<none>
16468	c010000000001300
16484	<none>
16490	4119000000000600
16495	000000001113
16498	000000001113
16516	4113000000001000
16521	00000000000000000080000000200000
16539	411e000000000400
16542	80250000
16547	80250000
16574	4107000200000000
16590	c108000000000100
16602	<none>
16609	c010000000001300
16627	<none>
16632	4107000100000000
16652	c108000000000100
16665	<none>
16672	c010000000001300
16690	<none>
16697	4103000800000000
16713	4119000000000600
16716	000000001113
16721	000000001113
16737	4113000000001000
16743	00000000000000000080000000200000
16771	411e000000000400
16776	80250000
16779	80250000
16807	4107000200000000
16824	c108000000000100
16836	<none>
16843	c010000000001300
16861	<none>
16868	4107000100000000
16884	c108000000000100
16896	<none>
16903	c010000000001300
16916	<none>
16921	4103000800000000
16935	4119000000000600
16938	000000001113
16943	000000001113
16959	4113000000001000
16964	00000000000000000080000000200000
16987	411e000000000400
16992	80250000
16995	80250000
17019	4107000200000000
17035	c108000000000100
17047	<none>
17056	c010000000001300
17071	<none>
17078	4107000100000000
17088	c108000000000100
17100	<none>
17107	c010000000001300
17125	<none>
17132	4103000800000000
17149	4119000000000600
17154	000000001113
17157	000000001113
17177	4113000000001000
17182	00000000000000000080000000200000
17185	00000000000000000080000000200000
17209	411e000000000400
17214	80250000
17217	80250000
17240	4107000200000000
17256	4107000100000000
17270	c108000000000100
17282	<none>
17289	c010000000001300
17303	<none>
17310	4103000800000000
17325	c108000000000100
17337	<none>
17344	c010000000001300
17360	<none>
17365	4119000000000600
17370	000000001113
17373	000000001113
17389	4113000000001000
17394	00000000000000000080000000200000
17397	00000000000000000080000000200000
17420	411e000000000400
17423	00c20100
17428	00c20100
17448	4107000200000000
17464	c108000000000100
17476	<none>
17481	c010000000001300
17498	<none>
17503	4107000100000000
17519	c108000000000100
17531	<none>
17538	c010000000001300
17556	<none>
17561	4103000800000000
17579	4119000000000600
17582	000000001113
17588	000000001113
17606	4113000000001000
17609	00000000000000000080000000200000
17631	411e000000000400
17634	00c20100
17639	00c20100
17659	4107000200000000
17672	c108000000000100
17682	<none>
17689	c010000000001300
17707	<none>
17714	4107000100000000
17728	c108000000000100
17740	<none>
17747	c010000000001300
17764	<none>
17771	4103000800000000
17787	4119000000000600
17792	000000001113
17795	000000001113
17813	4113000000001000
17816	00000000000000000080000000200000
17821	00000000000000000080000000200000
17846	411e000000000400
17849	00c20100
17854	00c20100
17874	4107000200000000
17890	c108000000000100
17902	<none>
17909	c010000000001300
17925	<none>
17931	4107000100000000
17947	c108000000000100
17959	<none>
17966	c010000000001300
17984	<none>
17991	4103000800000000
18007	4119000000000600
18012	000000001113
18018	000000001113
18036	4113000000001000
18041	00000000000000000080000000200000
18046	00000000000000000080000000200000
18070	411e000000000400
18073	00c20100
18078	00c20100
18097	4107000200000000
18113	c108000000000100
18125	<none>
18132	c010000000001300
18148	<none>
18153	4107000100000000
18169	c108000000000100
18181	<none>
18188	c010000000001300
18199	<none>
18204	4103000800000000
18220	4119000000000600
18223	000000001113
18228	000000001113
18244	4113000000001000
18249	00000000000000000080000000200000
18252	00000000000000000080000000200000
18282	c108000000000100
18294	<none>
18305	c010000000001300
18321	<none>
18378	c108000000000100
18391	<none>
18406	c010000000001300
18422	<none>
18538	c010000000001300
18551	<none>
18598	c108000000000100
18610	<none>
18619	c010000000001300
18637	<none>
18698	c108000000000100
18711	<none>
18724	c010000000001300
18742	<none>
18799	c108000000000100
18811	<none>
18833	c010000000001300
18851	<none>
18931	c010000000001300
18947	<none>
19072	c010000000001300
19086	<none>
19418	c010000000001300
19434	<none>
19463	c108000000000100
19475	<none>
19488	c010000000001300
19506	<none>
19557	c108000000000100
19570	<none>
19579	c010000000001300
19597	<none>
19664	c108000000000100
19679	<none>
19700	c010000000001300
19716	<none>
19755	c108000000000100
19767	<none>
19778	c010000000001300
19794	<none>
19805	c108000000000100
19819	<none>
19830	c010000000001300
19846	<none>
19869	c108000000000100
19881	<none>
19896	c010000000001300
19912	<none>
19939	c108000000000100
19953	<none>
19962	c010000000001300
19980	<none>
20035	c108000000000100
20045	<none>
20053	c010000000001300
20071	<none>
20136	c108000000000100
20148	<none>
20170	c010000000001300
20184	<none>
20221	c108000000000100
20231	<none>
20242	c010000000001300
20260	<none>
20315	c108000000000100
20327	<none>
20333	c010000000001300
20351	<none>
20476	c010000000001300
20494	<none>
20821	c010000000001300
20831	<none>
20866	c108000000000100
20878	<none>
20893	c010000000001300
20911	<none>
20918	c108000000000100
20930	<none>
20945	c010000000001300
20963	<none>
21014	c108000000000100
21026	<none>
21035	c010000000001300
21048	<none>
21103	c108000000000100
21115	<none>
21124	c010000000001300
21140	<none>
21159	c108000000000100
21171	<none>
21184	c010000000001300
21200	<none>
21278	c010000000001300
21294	<none>
21359	c108000000000100
21371	<none>
21379	c010000000001300
21395	<none>
21452	c108000000000100
21464	<none>
21477	c010000000001300
21493	<none>
21514	c108000000000100
21526	<none>
21539	c010000000001300
21557	<none>
21566	c108000000000100
21580	<none>
21599	c010000000001300
21613	<none>
21646	c108000000000100
21658	<none>
21669	c010000000001300
21683	<none>
21726	c108000000000100
21738	<none>
21748	c010000000001300
21764	<none>
21843	c108000000000100
21852	<none>
21863	c010000000001300
21877	<none>
21910	c108000000000100
21922	<none>
21937	c010000000001300
21951	<none>
21986	c108000000000100
21998	<none>
22015	c010000000001300
22031	<none>
22040	c108000000000100
22052	<none>
22063	c010000000001300
22081	<none>
22122	c108000000000100
22134	<none>
22145	c010000000001300
22159	<none>
22208	c108000000000100
22221	<none>
22230	c010000000001300
22248	<none>
22307	c108000000000100
22319	<none>
22329	c010000000001300
22345	<none>
22422	c108000000000100
22435	<none>
22454	c010000000001300
22472	<none>
22517	c108000000000100
22529	<none>
22547	c010000000001300
22561	<none>
22616	c108000000000100
22630	<none>
22641	c010000000001300
22657	<none>
22672	c108000000000100
22684	<none>
22695	c010000000001300
22709	<none>
22760	c108000000000100
22768	<none>
22781	c010000000001300
22794	<none>
22875	c108000000000100
22888	<none>
22903	c010000000001300
22917	<none>
22984	c108000000000100
22997	<none>
23004	c010000000001300
23020	<none>
23057	c108000000000100
23069	<none>
23078	c010000000001300
23096	<none>
23149	c108000000000100
23163	<none>
23179	c010000000001300
23195	<none>
23258	c108000000000100
23272	<none>
23282	c010000000001300
23300	<none>
23357	c108000000000100
23369	<none>
23382	c010000000001300
23398	<none>
23419	c108000000000100
23433	<none>
23444	c010000000001300
23460	<none>
23487	c108000000000100
23499	<none>
23516	c010000000001300
23532	<none>
23549	c108000000000100
23561	<none>
23576	c010000000001300
23592	<none>
23623	c108000000000100
23635	<none>
23644	c010000000001300
23660	<none>
23703	c108000000000100
23715	<none>
23725	c010000000001300
23741	<none>
23802	c108000000000100
23814	<none>
23823	c010000000001300
23839	<none>
23866	c108000000000100
23878	<none>
23887	c010000000001300
23901	<none>
23922	c108000000000100
23934	<none>
23951	c010000000001300
23965	<none>
24014	c108000000000100
24025	<none>
24040	c010000000001300
24056	<none>
24101	c108000000000100
24113	<none>
24122	c010000000001300
24138	<none>
24183	c108000000000100
24195	<none>
24211	c010000000001300
24227	<none>
24292	c108000000000100
24305	<none>
24318	c010000000001300
24334	<none>
24363	c108000000000100
24377	<none>
24386	c010000000001300
24402	<none>
24459	c108000000000100
24471	<none>
24481	c010000000001300
24497	<none>
24558	c108000000000100
24570	<none>
24585	c010000000001300
24598	<none>
24655	c108000000000100
24669	<none>
24676	c010000000001300
24694	<none>
24713	c108000000000100
24725	<none>
24748	c010000000001300
24766	<none>
24809	c108000000000100
24821	<none>
24835	c010000000001300
24851	<none>
24920	c108000000000100
24932	<none>
24940	c010000000001300
24956	<none>
25031	c108000000000100
25042	<none>
25051	c010000000001300
25069	<none>
25110	c108000000000100
25122	<none>
25137	c010000000001300
25151	<none>
25170	c108000000000100
25182	<none>
25195	c010000000001300
25211	<none>
25244	c108000000000100
25256	<none>
25267	c010000000001300
25283	<none>
25332	c108000000000100
25344	<none>
25362	c010000000001300
25378	<none>
25439	c108000000000100
25451	<none>
25461	c010000000001300
25477	<none>
25554	c108000000000100
25567	<none>
25578	c010000000001300
25594	<none>
25625	c108000000000100
25635	<none>
25648	c010000000001300
25662	<none>
25689	c108000000000100
25701	<none>
25718	c010000000001300
25734	<none>
25793	c108000000000100
25806	<none>
25817	c010000000001300
25835	<none>
25882	c108000000000100
25894	<none>
25903	c010000000001300
25919	<none>
25956	c108000000000100
25968	<none>
25981	c010000000001300
25994	<none>
26061	c108000000000100
26073	<none>
26091	c010000000001300
26109	<none>
26170	c108000000000100
26184	<none>
26193	c010000000001300
26212	<none>
26275	c108000000000100
26287	<none>
26296	c010000000001300
26314	<none>
26343	c108000000000100
26357	<none>
26366	c010000000001300
26382	<none>
26431	c108000000000100
26440	<none>
26455	c010000000001300
26473	<none>
26496	c108000000000100
26510	<none>
26521	c010000000001300
26535	<none>
26604	c108000000000100
26615	<none>
26624	c010000000001300
26640	<none>
26675	c108000000000100
26687	<none>
26698	c010000000001300
26714	<none>
26773	c108000000000100
26785	<none>
26797	c010000000001300
26811	<none>
26874	c108000000000100
26886	<none>
26898	c010000000001300
26914	<none>
26975	c108000000000100
26987	<none>
27006	c010000000001300
27024	<none>
27083	c108000000000100
27095	<none>
27108	c010000000001300
27125	<none>
27186	c108000000000100
27200	<none>
27209	c010000000001300
27227	<none>
27256	c108000000000100
27268	<none>
27277	c010000000001300
27295	<none>
27304	c108000000000100
27316	<none>
27331	c010000000001300
27343	<none>
27366	c108000000000100
27380	<none>
27393	c010000000001300
27409	<none>
27436	c108000000000100
27448	<none>
27463	c010000000001300
27481	<none>
27514	c108000000000100
27526	<none>
27535	c010000000001300
27553	<none>
27586	c108000000000100
27598	<none>
27613	c010000000001300
27630	<none>
27691	c108000000000100
27703	<none>
27720	c010000000001300
27739	<none>
27804	c108000000000100
27816	<none>
27825	c010000000001300
27843	<none>
27852	c108000000000100
27864	<none>
27873	c010000000001300
27891	<none>
27922	c108000000000100
27936	<none>
27949	c010000000001300
27969	<none>
27992	c108000000000100
28006	<none>
28021	c010000000001300
28035	<none>
28050	c108000000000100
28062	<none>
28071	c010000000001300
28089	<none>
28142	c108000000000100
28152	<none>
28167	c010000000001300
28176	<none>
28245	c108000000000100
28259	<none>
28268	c010000000001300
28287	<none>
28362	c108000000000100
28374	<none>
28385	c010000000001300
28398	<none>
28455	c108000000000100
28467	<none>
28476	c010000000001300
28494	<none>
28521	c108000000000100
28533	<none>
28552	c010000000001300
28568	<none>
28605	c108000000000100
28619	<none>
28631	c010000000001300
28649	<none>
28714	c108000000000100
28726	<none>
28735	c010000000001300
28746	<none>
28831	c108000000000100
28842	<none>
28859	c010000000001300
28875	<none>
28898	c108000000000100
28910	<none>
28925	c010000000001300
28941	<none>
29002	c108000000000100
29015	<none>
29028	c010000000001300
29042	<none>
29109	c108000000000100
29122	<none>
29133	c010000000001300
29149	<none>
29196	c108000000000100
29208	<none>
29221	c010000000001300
29239	<none>
29260	c108000000000100
29272	<none>
29289	c010000000001300
29305	<none>
29326	c108000000000100
29338	<none>
29349	c010000000001300
29365	<none>
29398	c108000000000100
29412	<none>
29423	c010000000001300
29439	<none>
29456	c108000000000100
29468	<none>
29483	c010000000001300
29499	<none>
29518	c108000000000100
29530	<none>
29539	c010000000001300
29557	<none>
29582	c108000000000100
29596	<none>
29605	c010000000001300
29623	<none>
29662	c108000000000100
29674	<none>
29691	c010000000001300
29708	<none>
29761	c108000000000100
29773	<none>
29782	c010000000001300
29798	<none>
29823	c108000000000100
29835	<none>
29856	c010000000001300
29872	<none>
29895	c108000000000100
29907	<none>
29918	c010000000001300
29936	<none>
29971	c108000000000100
29983	<none>
29998	c010000000001300
30015	<none>
30070	c108000000000100
30082	<none>
30095	c010000000001300
30111	<none>
30132	c108000000000100
30144	<none>
30159	c010000000001300
30177	<none>
30200	c108000000000100
30212	<none>
30223	c010000000001300
30239	<none>
30298	c108000000000100
30311	<none>
30328	c010000000001300
30344	<none>
30387	c108000000000100
30399	<none>
30410	c010000000001300
30424	<none>
30447	c108000000000100
30459	<none>
30468	c010000000001300
30486	<none>
30525	c108000000000100
30537	<none>
30548	c010000000001300
30563	<none>
30630	c108000000000100
30642	<none>
30655	c010000000001300
30670	<none>
30739	c108000000000100
30751	<none>
30767	c010000000001300
30781	<none>
30854	c108000000000100
30866	<none>
30880	c010000000001300
30894	<none>
30945	c108000000000100
30959	<none>
30970	c010000000001300
30986	<none>
31009	c108000000000100
31021	<none>
31030	c010000000001300
31048	<none>
31077	c108000000000100
31089	<none>
31098	c010000000001300
31116	<none>
31163	c108000000000100
31175	<none>
31188	c010000000001300
31202	<none>
31245	c108000000000100
31257	<none>
31268	c010000000001300
31286	<none>
31309	c108000000000100
31321	<none>
31330	c010000000001300
31346	<none>
31381	c108000000000100
31393	<none>
31421	c010000000001300
31439	<none>
31488	c108000000000100
31500	<none>
31509	c010000000001300
31525	<none>
31558	c108000000000100
31570	<none>
31583	c010000000001300
31602	<none>
31657	c108000000000100
31667	<none>
31678	c010000000001300
31692	<none>
31725	c108000000000100
31737	<none>
31789	c010000000001300
31807	<none>
31830	c108000000000100
31842	<none>
31857	c010000000001300
31873	<none>
31894	c108000000000100
31906	<none>
31917	c010000000001300
31933	<none>
31958	c108000000000100
31970	<none>
31981	c010000000001300
31995	<none>
32026	c108000000000100
32038	<none>
32051	c010000000001300
32069	<none>
32100	c108000000000100
32112	<none>
32129	c010000000001300
32141	<none>
32166	c108000000000100
32178	<none>
32202	c010000000001300
32216	<none>
32285	c108000000000100
32297	<none>
32309	c010000000001300
32323	<none>
32380	c108000000000100
32392	<none>
32403	c010000000001300
32417	<none>
32436	c108000000000100
32448	<none>
32457	c010000000001300
32471	<none>
32502	c108000000000100
32514	<none>
32525	c010000000001300
32541	<none>
32576	c108000000000100
32586	<none>
32603	c010000000001300
32620	<none>
32685	c108000000000100
32697	<none>
32708	c010000000001300
32726	<none>
32743	c108000000000100
32755	<none>
32766	c010000000001300
32784	<none>
32811	c108000000000100
32823	<none>
32832	c010000000001300
32850	<none>
32881	c108000000000100
32893	<none>
32904	c010000000001300
32918	<none>
32953	c108000000000100
32965	<none>
32976	c010000000001300
32995	<none>
33070	c108000000000100
33084	<none>
33116	c010000000001300
33132	<none>
33179	c108000000000100
33191	<none>
33207	c010000000001300
33221	<none>
33278	c108000000000100
33290	<none>
33307	c010000000001300
33318	<none>
33383	c108000000000100
33395	<none>
33406	c010000000001300
33418	<none>
33447	c108000000000100
33461	<none>
33470	c010000000001300
33486	<none>
33529	c108000000000100
33541	<none>
33569	c010000000001300
33587	<none>
33624	c108000000000100
33636	<none>
33647	c010000000001300
33666	<none>
33715	c108000000000100
33729	<none>
33738	c010000000001300
33750	<none>
33785	c108000000000100
33799	<none>
33847	c010000000001300
33863	<none>
33910	c108000000000100
33924	<none>
33936	c010000000001300
33952	<none>
33989	c108000000000100
34003	<none>
34014	c010000000001300
34028	<none>
34083	c108000000000100
34095	<none>
34105	c010000000001300
34123	<none>
34198	c108000000000100
34213	<none>
34232	c010000000001300
34246	<none>
34295	c108000000000100
34307	<none>
34318	c010000000001300
34331	<none>
34400	c108000000000100
34412	<none>
34425	c010000000001300
34438	<none>
34507	c108000000000100
34521	<none>
34532	c010000000001300
34545	<none>
34628	c108000000000100
34640	<none>
34662	c010000000001300
34676	<none>
34725	c108000000000100
34737	<none>
34748	c010000000001300
34763	<none>
34838	c108000000000100
34852	<none>
34866	c010000000001300
34882	<none>
34953	c108000000000100
34965	<none>
34975	c010000000001300
34993	<none>
35062	c108000000000100
35074	<none>
35098	c010000000001300
35112	<none>
35139	c108000000000100
35151	<none>
35166	c010000000001300
35184	<none>
35233	c108000000000100
35241	<none>
35250	c010000000001300
35265	<none>
35338	c108000000000100
35350	<none>
35359	c010000000001300
35374	<none>
35437	c108000000000100
35449	<none>
35460	c010000000001300
35478	<none>
35497	c108000000000100
35509	<none>
35518	c010000000001300
35534	<none>
35565	c108000000000100
35577	<none>
35586	c010000000001300
35602	<none>
35635	c108000000000100
35647	<none>
35658	c010000000001300
35674	<none>
35703	c108000000000100
35715	<none>
35732	c010000000001300
35745	<none>
35826	c108000000000100
35839	<none>
35852	c010000000001300
35870	<none>
35901	c108000000000100
35913	<none>
35924	c010000000001300
35940	<none>
36003	c108000000000100
36014	<none>
36027	c010000000001300
36045	<none>
36078	c108000000000100
36090	<none>
36101	c010000000001300
36117	<none>
36142	c108000000000100
36154	<none>
36165	c010000000001300
36179	<none>
36208	c108000000000100
36220	<none>
36229	c010000000001300
36247	<none>
36292	c108000000000100
36304	<none>
36315	c010000000001300
36329	<none>
36352	c108000000000100
36366	<none>
36377	c010000000001300
36391	<none>
36414	c108000000000100
36428	<none>
36437	c010000000001300
36453	<none>
36486	c108000000000100
36498	<none>
36511	c010000000001300
36529	<none>
36554	c108000000000100
36566	<none>
36575	c010000000001300
36591	<none>
36622	c108000000000100
36636	<none>
36649	c010000000001300
36666	<none>
36747	c108000000000100
36759	<none>
36769	c010000000001300
36787	<none>
36858	c108000000000100
36866	<none>
36890	c010000000001300
36906	<none>
36947	c108000000000100
36959	<none>
36970	c010000000001300
36986	<none>
37021	c108000000000100
37033	<none>
37047	c010000000001300
37061	<none>
37118	c108000000000100
37132	<none>
37139	c010000000001300
37155	<none>
37194	c108000000000100
37206	<none>
37233	c010000000001300
37249	<none>
37298	c108000000000100
37310	<none>
37323	c010000000001300
37334	<none>
37411	c108000000000100
37425	<none>
37437	c010000000001300
37453	<none>
37514	c108000000000100
37526	<none>
37535	c010000000001300
37550	<none>
37633	c108000000000100
37646	<none>
37663	c010000000001300
37679	<none>
37734	c108000000000100
37746	<none>
37760	c010000000001300
37776	<none>
37843	c108000000000100
37855	<none>
37865	c010000000001300
37877	<none>
37944	c108000000000100
37956	<none>
37974	c010000000001300
37988	<none>
38025	c108000000000100
38037	<none>
38048	c010000000001300
38066	<none>
38119	c108000000000100
38133	<none>
38143	c010000000001300
38159	<none>
38200	c108000000000100
38212	<none>
38221	c010000000001300
38237	<none>
38284	c108000000000100
38298	<none>
38313	c010000000001300
38324	<none>
38385	c108000000000100
38399	<none>
38410	c010000000001300
38428	<none>
38449	c108000000000100
38461	<none>
38470	c010000000001300
38486	<none>
38519	c108000000000100
38531	<none>
38542	c010000000001300
38560	<none>
38585	c108000000000100
38597	<none>
38610	c010000000001300
38624	<none>
38655	c108000000000100
38667	<none>
38684	c010000000001300
38697	<none>
38758	c108000000000100
38770	<none>
38777	c010000000001300
38795	<none>
38830	c108000000000100
38842	<none>
38886	c010000000001300
38898	<none>
38931	c108000000000100
38943	<none>
38958	c010000000001300
38970	<none>
38993	c108000000000100
39005	<none>
39014	c010000000001300
39032	<none>
39047	c108000000000100
39061	<none>
39117	c010000000001300
39133	<none>
39176	c108000000000100
39188	<none>
39201	c010000000001300
39217	<none>
39224	c108000000000100
39238	<none>
39255	c010000000001300
39271	<none>
39290	c108000000000100
39304	<none>
39313	c010000000001300
39331	<none>
39362	c108000000000100
39374	<none>
39395	c010000000001300
39413	<none>
39434	c108000000000100
39446	<none>
39465	c010000000001300
39481	<none>
39520	c108000000000100
39532	<none>
39542	c010000000001300
39560	<none>
39629	c108000000000100
39641	<none>
39651	c010000000001300
39669	<none>
39744	c108000000000100
39757	<none>
39772	c010000000001300
39790	<none>
39831	c108000000000100
39843	<none>
39856	c010000000001300
39872	<none>
39897	c108000000000100
39909	<none>
39930	c010000000001300
39945	<none>
39996	c108000000000100
40008	<none>
40017	c010000000001300
40035	<none>
40086	c108000000000100
40098	<none>
40110	c010000000001300
40126	<none>
40191	c108000000000100
40203	<none>
40213	c010000000001300
40229	<none>
40302	c108000000000100
40314	<none>
40328	c010000000001300
40338	<none>
40401	c108000000000100
40409	<none>
40423	c010000000001300
40441	<none>
